id,area,sort_order,code,category,competency,sub_competency,category_en,competency_en,sub_competency_en
1,FIN,1,1.1.1,1 Strateji Maliyyə,1.1 Maliyyə Baxışı və Strategiyası,1.1.1 Təşkilati məqsədlərə uyğun uzunmüddətli maliyyə strategiyasını müəyyən etmək,1 Strategic Finance,1.1 Financial Vision & Strategy,1.1.1 Define long-term financial strategy aligned with organizational goals
2,FIN,2,1.1.2,1 Strateji Maliyyə,1.1 Maliyyə Baxışı və Strategiyası,1.1.2 Strategiyanı maliyyə fəaliyyət planlarına çevirmək,1 Strategic Finance,1.1 Financial Vision & Strategy,1.1.2 Translate strategy into financial action plans
3,FIN,3,1.1.3,1 Strateji Maliyyə,1.1 Maliyyə Baxışı və Strategiyası,1.1.3 Maliyyə siyasətini çoxillik strateji hədəflərlə uyğunlaşdırmaq,1 Strategic Finance,1.1 Financial Vision & Strategy,1.1.3 Align financial policy to multi-year strategic goals
4,FIN,4,1.1.4,1 Strateji Maliyyə,1.1 Maliyyə Baxışı və Strategiyası,1.1.4 İdarə heyəti və investorlar üçün strateji maliyyə təqdimatlarına rəhbərlik etmək,1 Strategic Finance,1.1 Financial Vision & Strategy,1.1.4 Lead strategic finance presentations to board/investors
5,FIN,5,1.2.1,1 Strateji Maliyyə,1.2 Risk-əsaslı Proqnozlaşdırma,1.2.1 Qeyri-müəyyənliyi idarə etmək üçün dinamik proqnozlar hazırlamaq,1 Strategic Finance,1.2 Risk-Based Forecasting,1.2.1 Build dynamic forecasts to manage uncertainty
6,FIN,6,1.2.2,1 Strateji Maliyyə,1.2 Risk-əsaslı Proqnozlaşdırma,1.2.2 Maliyyə risklərini kəmiyyətcə qiymətləndirmək və azaltmaq,1 Strategic Finance,1.2 Risk-Based Forecasting,1.2.2 Quantify and mitigate financial risks
7,FIN,7,1.2.3,1 Strateji Maliyyə,1.2 Risk-əsaslı Proqnozlaşdırma,1.2.3 ESG-ni maliyyə planlamasına inteqrasiya etmək,1 Strategic Finance,1.2 Risk-Based Forecasting,1.2.3 Integrate ESG into financial planning
8,FIN,8,1.3.1,1 Strateji Maliyyə,1.3 Büdcələmə və Prioritetləşdirmə,1.3.1 Strategiyaya uyğun büdcələr hazırlamaq,1 Strategic Finance,1.3 Budgeting & Prioritization,1.3.1 Develop strategy-aligned budgets
9,FIN,9,1.3.2,1 Strateji Maliyyə,1.3 Büdcələmə və Prioritetləşdirmə,1.3.2 Adaptiv büdcələmə sistemləri dizayn etmək,1 Strategic Finance,1.3 Budgeting & Prioritization,1.3.2 Design adaptive budgeting systems
10,FIN,10,1.3.3,1 Strateji Maliyyə,1.3 Büdcələmə və Prioritetləşdirmə,1.3.3 Performans əsaslı büdcələməni tətbiq etmək,1 Strategic Finance,1.3 Budgeting & Prioritization,1.3.3 Implement performance-based budgeting
11,FIN,11,1.4.1,1 Strateji Maliyyə,1.4 Maraqlı Tərəflərlə Kommunikasiya,1.4.1 İcra rəhbərliyi səviyyəsi üçün maliyyə narrativləri hazırlamaq,1 Strategic Finance,1.4 Stakeholder Communication,1.4.1 Craft executive-level financial narratives
12,FIN,12,2.1.1,2 Maliyyə Əməliyyatları,2.1 Xəzinədarlıq və Pul Axını,2.1.1 Gündəlik likvidliyi izləmək,2 Financial Operations,2.1 Treasury & Cash Flow,2.1.1 Monitor daily liquidity
13,FIN,13,2.1.2,2 Maliyyə Əməliyyatları,2.1 Xəzinədarlıq və Pul Axını,2.1.2 Banklarla münasibətləri idarə etmək,2 Financial Operations,2.1 Treasury & Cash Flow,2.1.2 Manage bank relationships
14,FIN,14,2.1.3,2 Maliyyə Əməliyyatları,2.1 Xəzinədarlıq və Pul Axını,2.1.3 Pul axını proqnozlaşdırma sistemləri qurmaq,2 Financial Operations,2.1 Treasury & Cash Flow,2.1.3 Build cash forecasting systems
15,FIN,15,2.2.1,2 Maliyyə Əməliyyatları,2.2 Daxili Nəzarət və Audit,2.2.1 GAAP/IFRS standartlarını tətbiq etmək,2 Financial Operations,2.2 Internal Controls & Audit,2.2.1 Apply GAAP/IFRS standards
16,FIN,16,2.2.2,2 Maliyyə Əməliyyatları,2.2 Daxili Nəzarət və Audit,2.2.2 Nəzarət çərçivələrini tətbiq etmək,2 Financial Operations,2.2 Internal Controls & Audit,2.2.2 Implement control frameworks
17,FIN,17,2.2.3,2 Maliyyə Əməliyyatları,2.2 Daxili Nəzarət və Audit,2.2.3 Xarici auditləri koordinasiya etmək,2 Financial Operations,2.2 Internal Controls & Audit,2.2.3 Coordinate external audits
18,FIN,18,2.3.1,2 Maliyyə Əməliyyatları,2.3 Dövriyyə Kapitalının İdarə Edilməsi,2.3.1 Pul vəsaitinin çevrilmə dövrünü optimallaşdırmaq,2 Financial Operations,2.3 Working Capital Management,2.3.1 Optimize cash conversion cycles
19,FIN,19,2.3.2,2 Maliyyə Əməliyyatları,2.3 Dövriyyə Kapitalının İdarə Edilməsi,2.3.2 Debitor və kreditor borcların idarəetmə səmərəliliyini artırmaq,2 Financial Operations,2.3 Working Capital Management,2.3.2 Improve receivables/payables efficiency
20,FIN,20,3.1.1,3 Proqnozlaşdırma və Planlama,3.1 Maliyyə Modelləşdirməsi,3.1.1 Proqnozlaşdırma modelləri qurmaq,3 Forecasting & Planning,3.1 Financial Modeling,3.1.1 Build forecasting models
21,FIN,21,3.1.2,3 Proqnozlaşdırma və Planlama,3.1 Maliyyə Modelləşdirməsi,3.1.2 Regressiya və zaman sırası alətlərindən istifadə etmək,3 Forecasting & Planning,3.1 Financial Modeling,3.1.2 Use regression/time-series tools
22,FIN,22,3.1.3,3 Proqnozlaşdırma və Planlama,3.1 Maliyyə Modelləşdirməsi,3.1.3 Rolling forecast-lar hazırlamaq,3 Forecasting & Planning,3.1 Financial Modeling,3.1.3 Create rolling forecasts
23,FIN,23,3.2.1,3 Proqnozlaşdırma və Planlama,3.2 İnvestisiya Təhlili,"3.2.1 ROI, IRR və NPV təhlilləri aparmaq",3 Forecasting & Planning,3.2 Investment Analysis,"3.2.1 Conduct ROI, IRR, NPV analysis"
24,FIN,24,3.2.2,3 Proqnozlaşdırma və Planlama,3.2 İnvestisiya Təhlili,3.2.2 Öz istehsalı ilə satınalma arasında seçim qərarlarını qiymətləndirmək,3 Forecasting & Planning,3.2 Investment Analysis,3.2.2 Evaluate make vs. buy decisions
25,FIN,25,3.3.1,3 Proqnozlaşdırma və Planlama,3.3 KPI və Performansın İdarə Edilməsi,3.3.1 Strateji KPI-ları formalaşdırmaq və izləmək,3 Forecasting & Planning,3.3 KPI Performance Management,3.3.1 Design and track strategic KPIs
26,FIN,26,4.1.1,4 Kapitalın İdarə Edilməsi,4.1 Kapital Büdcələməsi,4.1.1 CAPEX investisiyalarını prioritetləşdirmək,4 Capital Management,4.1 Capital Budgeting,4.1.1 Prioritize capex investment
27,FIN,27,4.1.2,4 Kapitalın İdarə Edilməsi,4.1 Kapital Büdcələməsi,4.1.2 Texniki-iqtisadi əsaslandırma təhlilləri aparmaq,4 Capital Management,4.1 Capital Budgeting,4.1.2 Conduct feasibility studies
28,FIN,28,4.2.1,4 Kapitalın İdarə Edilməsi,4.2 Kapitalın Cəlb Edilməsi və Kapital Strategiyası,4.2.1 İnvestor sənədlərini hazırlamaq,4 Capital Management,4.2 Fundraising & Capital Strategy,4.2.1 Prepare investor documentation
29,FIN,29,4.2.2,4 Kapitalın İdarə Edilməsi,4.2 Kapitalın Cəlb Edilməsi və Kapital Strategiyası,4.2.2 Kapital ehtiyaclarını aydın şəkildə təqdim etmək,4 Capital Management,4.2 Fundraising & Capital Strategy,4.2.2 Communicate capital needs
30,FIN,30,4.3.1,4 Kapitalın İdarə Edilməsi,4.3 Kapital Strukturu,4.3.1 Kapital dəyəri ssenarilərini modelləşdirmək,4 Capital Management,4.3 Capital Structure,4.3.1 Model cost of capital scenarios
31,FIN,31,4.3.2,4 Kapitalın İdarə Edilməsi,4.3 Kapital Strukturu,4.3.2 Borc/kapital strukturunu optimallaşdırmaq,4 Capital Management,4.3 Capital Structure,4.3.2 Optimize debt/equity structure
32,FIN,32,5.1.1,5 İdarəetmə və Uyğunluq,5.1 Tənzimləyici Hesabatlılıq,5.1.1 Maliyyə üzrə hüquqi uyğunluğu təmin etmək,5 Governance & Compliance,5.1 Regulatory Reporting,5.1.1 Ensure legal financial compliance
33,FIN,33,5.1.2,5 İdarəetmə və Uyğunluq,5.1 Tənzimləyici Hesabatlılıq,5.1.2 Donorlar və dövlət qurumları üçün hesabatlar hazırlamaq,5 Governance & Compliance,5.1 Regulatory Reporting,5.1.2 Prepare donor/government reports
34,FIN,34,5.2.1,5 İdarəetmə və Uyğunluq,5.2 Etika və Şəffaflıq,5.2.1 Maliyyə şəffaflığını təşviq etmək,5 Governance & Compliance,5.2 Ethics & Transparency,5.2.1 Promote financial transparency
35,FIN,35,5.2.2,5 İdarəetmə və Uyğunluq,5.2 Etika və Şəffaflıq,5.2.2 Komandalara maliyyə etikası üzrə təlim keçmək,5 Governance & Compliance,5.2 Ethics & Transparency,5.2.2 Train teams on financial ethics
36,FIN,36,6.1.1,6 Texnologiya və Sistemlər,6.1 ERP və Avtomatlaşdırma,6.1.1 ERP sistemlərini tətbiq etmək və idarə etmək,6 Technology & Systems,6.1 ERP & Automation,6.1.1 Implement and manage ERP systems
37,FIN,37,6.1.2,6 Texnologiya və Sistemlər,6.1 ERP və Avtomatlaşdırma,6.1.2 Maliyyə iş axınlarını avtomatlaşdırmaq,6 Technology & Systems,6.1 ERP & Automation,6.1.2 Automate financial workflows
38,FIN,38,6.2.1,6 Texnologiya və Sistemlər,6.2 Məlumatların Vizualizasiyası və BI,6.2.1 Power BI/Tableau dashboard-ları hazırlamaq,6 Technology & Systems,6.2 Data Visualization & BI,6.2.1 Design Power BI/Tableau dashboards
39,FIN,39,6.2.2,6 Texnologiya və Sistemlər,6.2 Məlumatların Vizualizasiyası və BI,6.2.2 Data warehouse-i maliyyə ehtiyacları ilə uyğunlaşdırmaq,6 Technology & Systems,6.2 Data Visualization & BI,6.2.2 Align data warehouse with finance needs
40,FIN,40,6.3.1,6 Texnologiya və Sistemlər,6.3 Kibertəhlükəsizlik,6.3.1 Maliyyə sistemlərini və məlumatlarını qorumaq,6 Technology & Systems,6.3 Cybersecurity,6.3.1 Protect financial systems and data
41,FIN,41,7.1.1,7 Mühasibatlıq və Hesabatlılıq,7.1 Ümumi Mühasibatlıq,7.1.1 Mühasibat yazılışlarını dəqiq aparmaq,7 Accounting & Reporting,7.1 General Accounting,7.1.1 Process journal entries accurately
42,FIN,42,7.1.2,7 Mühasibatlıq və Hesabatlılıq,7.1 Ümumi Mühasibatlıq,7.1.2 Hesabları və baş kitabı uzlaşdırmaq,7 Accounting & Reporting,7.1 General Accounting,7.1.2 Reconcile accounts and ledgers
43,FIN,43,7.2.1,7 Mühasibatlıq və Hesabatlılıq,7.2 Maliyyə Bağlanışı,7.2.1 Ay sonu və il sonu bağlanış proseslərini idarə etmək,7 Accounting & Reporting,7.2 Financial Closing,7.2.1 Manage month-end and year-end close
44,FIN,44,7.3.1,7 Mühasibatlıq və Hesabatlılıq,7.3 Maliyyə Hesabatlarının Hazırlanması,"7.3.1 Balans hesabatını, Mənfəət və Zərər hesabatını və Pul Axını hesabatını hazırlamaq",7 Accounting & Reporting,7.3 Financial Statement Preparation,"7.3.1 Prepare balance sheet, P&L, and cash flow"
45,FIN,45,7.4.1,7 Mühasibatlıq və Hesabatlılıq,7.4 Qanunvericilik üzrə Hesabatlılıq,7.4.1 Vergitutma və qanunvericilik üzrə təqdimatları idarə etmək,7 Accounting & Reporting,7.4 Statutory Reporting,7.4.1 Manage taxation and legal filings
46,FIN,46,7.5.1,7 Mühasibatlıq və Hesabatlılıq,7.5 Qrant və Donorların İdarə Edilməsi,7.5.1 Məhdud təyinatlı vəsaitləri izləmək və hesabatlandırmaq,7 Accounting & Reporting,7.5 Grant & Donor Management,7.5.1 Track and report restricted funds
47,FIN,47,8.1.1,8 Liderlik və Əməkdaşlıq,8.1 Kommunikasiya,8.1.1 Maliyyə məlumatlarını maliyyə sahəsindən olmayan auditoriyaya izah etmək,8 Leadership & Collaboration,8.1 Communication,8.1.1 Explain financials to non-finance audiences
48,FIN,48,8.1.2,8 Liderlik və Əməkdaşlıq,8.1 Kommunikasiya,8.1.2 Maliyyə insaytları ilə maraqlı tərəflərə təsir göstərmək,8 Leadership & Collaboration,8.1 Communication,8.1.2 Influence stakeholders with financial insights
49,FIN,49,8.2.1,8 Liderlik və Əməkdaşlıq,8.2 Komandanın İnkişafı,8.2.1 Maliyyə əməkdaşlarına mentorluq və kouçinq vermək,8 Leadership & Collaboration,8.2 Team Development,8.2.1 Mentor and coach finance staff
50,FIN,50,8.2.2,8 Liderlik və Əməkdaşlıq,8.2 Komandanın İnkişafı,8.2.2 Maliyyə komandasında öyrənmə mədəniyyəti yaratmaq,8 Leadership & Collaboration,8.2 Team Development,8.2.2 Build learning culture in finance team
51,FIN,51,8.3.1,8 Liderlik və Əməkdaşlıq,8.3 Funksiyalararası Əməkdaşlıq,8.3.1 Maliyyə funksiyasını biznes əməliyyatları ilə uyğunlaşdırmaq,8 Leadership & Collaboration,8.3 Cross-functional Collaboration,8.3.1 Align finance with business operations
52,FIN,52,9.1.1,9 Peşəkar Keyfiyyətlər,9.1 Analitik Düşüncə,9.1.1 Mürəkkəb maliyyə məlumatlarını şərh etmək və trendləri müəyyən etmək,9 Professional Attributes,9.1 Analytical Thinking,9.1.1 Interpret complex financial data and detect trends
53,FIN,53,9.2.1,9 Peşəkar Keyfiyyətlər,9.2 Maliyyə Mühakiməsi,"9.2.1 Qərarlarda riskləri, gəlirliliyi və etik təsiri balanslı şəkildə qiymətləndirmək",9 Professional Attributes,9.2 Financial Judgment,"9.2.1 Weigh risks, returns, and ethical impact in decisions"
54,FIN,54,9.3.1,9 Peşəkar Keyfiyyətlər,9.3 Detallara Diqqət,9.3.1 Hesabatlılıqda və uzlaşdırmalarda dəqiqliyi qorumaq,9 Professional Attributes,9.3 Attention to Detail,9.3.1 Maintain accuracy in reporting and reconciliations
55,FIN,55,9.4.1,9 Peşəkar Keyfiyyətlər,9.4 Strateji Çeviklik,9.4.1 Maliyyə fəaliyyətlərini uzunmüddətli məqsədlərlə uyğunlaşdırmaq,9 Professional Attributes,9.4 Strategic Agility,9.4.1 Align financial activities with long-term goals
56,FIN,56,9.5.1,9 Peşəkar Keyfiyyətlər,9.5 Etik Dürüstlük,9.5.1 Təzyiq altında etik davranışı və uyğunluğu qorumaq,9 Professional Attributes,9.5 Ethical Integrity,9.5.1 Uphold ethics and compliance under pressure
57,FIN,57,9.6.1,9 Peşəkar Keyfiyyətlər,9.6 Kommunikasiya Aydınlığı,9.6.1 Maliyyə mövzularını fərqli auditoriyalara aydın izah etmək,9 Professional Attributes,9.6 Communication Clarity,9.6.1 Explain finance clearly to diverse audiences
58,FIN,58,9.7.1,9 Peşəkar Keyfiyyətlər,9.7 Funksiyalararası Təsir Etmə,9.7.1 Şöbələr arasında effektiv əməkdaşlıq etmək,9 Professional Attributes,9.7 Cross-functional Influence,9.7.1 Collaborate across departments effectively
59,FIN,59,9.8.1,9 Peşəkar Keyfiyyətlər,9.8 Liderlik və Komanda ilə İş,9.8.1 Maliyyə komandası üzvlərini yönləndirmək və inkişaf etdirmək,9 Professional Attributes,9.8 Leadership & Teaming,9.8.1 Guide and develop finance team members
60,FIN,60,9.9.1,9 Peşəkar Keyfiyyətlər,9.9 Vaxtın İdarə Edilməsi və Prioritetləşdirmə,9.9.1 İş yükünü səmərəli idarə etmək və son tarixlərə əməl etmək,9 Professional Attributes,9.9 Time & Prioritization,9.9.1 Manage workload efficiently and meet deadlines
61,FIN,61,9.10.1,9 Peşəkar Keyfiyyətlər,9.10 Dəyişiklik Çevikliyi,9.10.1 Maliyyə sistemlərində və ya tənzimləmələrdə dəyişikliklərə uyğunlaşmaq,9 Professional Attributes,9.10 Change Agility,9.10.1 Adapt to financial system or regulation changes
62,FIN,62,9.11.1,9 Peşəkar Keyfiyyətlər,9.11 Risk Şüuru,9.11.1 Maliyyə və əməliyyat risklərini müəyyən etmək və eskalasiya etmək,9 Professional Attributes,9.11 Risk Awareness,9.11.1 Identify and escalate financial and operational risks
63,FIN,63,9.12.1,9 Peşəkar Keyfiyyətlər,9.12 Məxfilik,9.12.1 Həssas maliyyə məlumatlarını təhlükəsiz şəkildə idarə etmək,9 Professional Attributes,9.12 Confidentiality,9.12.1 Handle sensitive financial info securely
64,FIN,64,9.13.1,9 Peşəkar Keyfiyyətlər,9.13 Maraqlı Tərəflərin İdarə Edilməsi,"9.13.1 Auditorlar, donorlar və rəhbər şəxslərlə etimad qurmaq",9 Professional Attributes,9.13 Stakeholder Management,"9.13.1 Build trust with auditors, donors, and executives"
65,FIN,65,9.14.1,9 Peşəkar Keyfiyyətlər,9.14 Təzyiq Altında Dayanıqlılıq,9.14.1 Yüksək təzyiq şəraitində dəqiqliyi və fokusunu qorumaq,9 Professional Attributes,9.14 Resilience Under Pressure,9.14.1 Stay accurate and focused in high-pressure situations
66,FIN,66,9.15.1,9 Peşəkar Keyfiyyətlər,9.15 Məlumat əsaslı düşüncə tərzi,9.15.1 Qərarları dəqiq və uyğun məlumatlar əsasında vermək,9 Professional Attributes,9.15 Data-Driven Mindset,9.15.1 Base decisions on accurate and relevant data
67,FIN,67,9.16.1,9 Peşəkar Keyfiyyətlər,9.16 Təşəbbüskarlıq və Sahiblik,9.16.1 Maliyyə ilə bağlı problemlərin həllində təşəbbüs göstərmək,9 Professional Attributes,9.16 Initiative & Ownership,9.16.1 Take charge in solving finance-related problems
68,FIN,68,9.17.1,9 Peşəkar Keyfiyyətlər,9.17 Problemlərin Həlli,9.17.1 Kök səbəbləri müəyyən etmək və dayanıqlı həllər təklif etmək,9 Professional Attributes,9.17 Problem Solving,9.17.1 Identify root causes and propose sustainable fixes
69,FIN,69,9.18.1,9 Peşəkar Keyfiyyətlər,9.18 Maliyyə Hekayələndirməsi,9.18.1 Mürəkkəb maliyyə məlumatlarını aydın narrativlərə çevirmək,9 Professional Attributes,9.18 Financial Storytelling,9.18.1 Create narratives from complex financials
70,FIN,70,9.19.1,9 Peşəkar Keyfiyyətlər,9.19 Danışıqlar və Təsir Etmə,9.19.1 Əlverişli nəticələr əldə etmək üçün müzakirələrə rəhbərlik etmək,9 Professional Attributes,9.19 Negotiation & Influence,9.19.1 Lead discussions to secure favorable outcomes
71,FIN,71,9.20.1,9 Peşəkar Keyfiyyətlər,9.20 Öyrənməyə Yönümlülük,"9.20.1 Trendlər, alətlər və standartlar üzrə aktual qalmaq",9 Professional Attributes,9.20 Learning Orientation,"9.20.1 Stay current on trends, tools, and standards"
72,FIN,72,9.21.1,9 Peşəkar Keyfiyyətlər,9.21 Maraqlı Tərəflərə Empatiya,9.21.1 Tərəfdaşların ehtiyaclarını anlamaq və maliyyə kommunikasiyasını buna uyğunlaşdırmaq,9 Professional Attributes,9.21 Stakeholder Empathy,9.21.1 Understand partner needs and tailor finance communication
73,FIN,73,9.22.1,9 Peşəkar Keyfiyyətlər,9.22 Nəticəyönümlülük,9.22.1 Ölçülə bilən nəticələr və dəyər yaratmaq,9 Professional Attributes,9.22 Results Orientation,9.22.1 Deliver measurable outcomes and value creation
74,ERP,1,1.1.1,1 İT və Rəqəmsal – FMCG (Funksional),1.1 İT Strategiyası və Müəssisə Memarlığı,"1.1.1 FMCG üzrə böyümə, miqyas və marja hədəflərinə uyğun İT strategiyasını müəyyən etmək",1 IT & Digital – FMCG (Functional),1.1 IT Strategy & Enterprise Architecture,"1.1.1 Define IT strategy aligned with FMCG growth, scale, and margin objectives"
75,ERP,2,1.1.2,1 İT və Rəqəmsal – FMCG (Funksional),1.1 İT Strategiyası və Müəssisə Memarlığı,"1.1.2 ERP, CRM, SCM və analitikanı inteqrasiya edən müəssisə memarlığını dizayn etmək",1 IT & Digital – FMCG (Functional),1.1 IT Strategy & Enterprise Architecture,"1.1.2 Design enterprise architecture integrating ERP, CRM, SCM, and analytics"
76,ERP,3,1.1.3,1 İT və Rəqəmsal – FMCG (Funksional),1.1 İT Strategiyası və Müəssisə Memarlığı,"1.1.3 Texnologiya yol xəritələrini, standartları və inteqrasiya prinsiplərini müəyyən etmək",1 IT & Digital – FMCG (Functional),1.1 IT Strategy & Enterprise Architecture,"1.1.3 Define technology roadmaps, standards, and integration principles"
77,ERP,4,1.1.4,1 İT və Rəqəmsal – FMCG (Funksional),1.1 İT Strategiyası və Müəssisə Memarlığı,"1.1.4 İnnovasiya, texniki borc və əməliyyat sabitliyi arasında balans yaratmaq",1 IT & Digital – FMCG (Functional),1.1 IT Strategy & Enterprise Architecture,"1.1.4 Balance innovation, technical debt, and operational stability"
78,ERP,5,1.1.5,1 İT və Rəqəmsal – FMCG (Funksional),1.1 İT Strategiyası və Müəssisə Memarlığı,1.1.5 İT investisiya portfelini və prioritetləşdirməni idarə etmək,1 IT & Digital – FMCG (Functional),1.1 IT Strategy & Enterprise Architecture,1.1.5 Govern IT investment portfolio and prioritization
79,ERP,6,1.2.1,1 İT və Rəqəmsal – FMCG (Funksional),1.2 ERP Strategiyası və Əsas Proses Dizaynı,"1.2.1 Maliyyə, satış, təchizat zənciri və istehsalı əhatə edən ERP vizyonunu müəyyən etmək",1 IT & Digital – FMCG (Functional),1.2 ERP Strategy & Core Process Design,"1.2.1 Define ERP vision covering finance, sales, supply chain, and manufacturing"
80,ERP,7,1.2.2,1 İT və Rəqəmsal – FMCG (Funksional),1.2 ERP Strategiyası və Əsas Proses Dizaynı,"1.2.2 Ucdan-uca proses axınlarını dizayn etmək (O2C, P2P, S2P, R2R, MTS/MTO)",1 IT & Digital – FMCG (Functional),1.2 ERP Strategy & Core Process Design,"1.2.2 Design end-to-end process flows (O2C, P2P, S2P, R2R, MTS/MTO)"
81,ERP,8,1.2.3,1 İT və Rəqəmsal – FMCG (Funksional),1.2 ERP Strategiyası və Əsas Proses Dizaynı,1.2.3 Master data və tranzaksiya modellərini standartlaşdırmaq,1 IT & Digital – FMCG (Functional),1.2 ERP Strategy & Core Process Design,1.2.3 Standardize master data and transaction models
82,ERP,9,1.2.4,1 İT və Rəqəmsal – FMCG (Funksional),1.2 ERP Strategiyası və Əsas Proses Dizaynı,1.2.4 Lokallaşdırma və qlobal şablon üzrə qərar prinsiplərini müəyyən etmək,1 IT & Digital – FMCG (Functional),1.2 ERP Strategy & Core Process Design,1.2.4 Define localization vs global template decisions
83,ERP,10,1.2.5,1 İT və Rəqəmsal – FMCG (Funksional),1.2 ERP Strategiyası və Əsas Proses Dizaynı,"1.2.5 ERP-nin miqyaslana bilənliyi, uyğunluğu və audit oluna bilməsini təmin etmək",1 IT & Digital – FMCG (Functional),1.2 ERP Strategy & Core Process Design,"1.2.5 Ensure ERP supports scalability, compliance, and auditability"
84,ERP,11,1.3.1,1 İT və Rəqəmsal – FMCG (Funksional),1.3 ERP Tətbiqi və Transformasiya,1.3.1 ERP tətbiqi və ya rollout proqramlarını ucdan-uca idarə etmək,1 IT & Digital – FMCG (Functional),1.3 ERP Implementation & Transformation,1.3.1 Lead ERP implementation or rollout programs end-to-end
85,ERP,12,1.3.2,1 İT və Rəqəmsal – FMCG (Funksional),1.3 ERP Tətbiqi və Transformasiya,"1.3.2 Sistem inteqratorlarını, təchizatçıları və icra tərəfdaşlarını idarə etmək",1 IT & Digital – FMCG (Functional),1.3 ERP Implementation & Transformation,"1.3.2 Manage system integrators, vendors, and delivery partners"
86,ERP,13,1.3.3,1 İT və Rəqəmsal – FMCG (Funksional),1.3 ERP Tətbiqi və Transformasiya,"1.3.3 Skopa, vaxt qrafikinə, büdcəyə və keyfiyyətə nəzarət etmək",1 IT & Digital – FMCG (Functional),1.3 ERP Implementation & Transformation,"1.3.3 Control scope, timelines, budget, and quality"
87,ERP,14,1.3.4,1 İT və Rəqəmsal – FMCG (Funksional),1.3 ERP Tətbiqi və Transformasiya,"1.3.4 Biznes hazırlığını, cutover prosesini və hypercare mərhələsini idarə etmək",1 IT & Digital – FMCG (Functional),1.3 ERP Implementation & Transformation,"1.3.4 Drive business readiness, cutover, and hypercare"
88,ERP,15,1.3.5,1 İT və Rəqəmsal – FMCG (Funksional),1.3 ERP Tətbiqi və Transformasiya,1.3.5 Əldə olunan faydaların reallaşmasını və tətbiqdən sonrakı optimallaşdırmanı təmin etmək,1 IT & Digital – FMCG (Functional),1.3 ERP Implementation & Transformation,1.3.5 Capture benefits realization and post-implementation optimization
89,ERP,16,1.4.1,1 İT və Rəqəmsal – FMCG (Funksional),1.4 ERP üzrə Funksional Mükəmməllik,"1.4.1 Maliyyə (FI/CO), Satış (SD), MM, WM, PP modullarını dəstəkləmək",1 IT & Digital – FMCG (Functional),1.4 ERP Functional Excellence,"1.4.1 Support Finance (FI/CO), Sales (SD), MM, WM, PP modules"
90,ERP,17,1.4.2,1 İT və Rəqəmsal – FMCG (Funksional),1.4 ERP üzrə Funksional Mükəmməllik,1.4.2 Biznes tələblərini sistem konfiqurasiyalarına çevirmək,1 IT & Digital – FMCG (Functional),1.4 ERP Functional Excellence,1.4.2 Translate business requirements into system configurations
91,ERP,18,1.4.3,1 İT və Rəqəmsal – FMCG (Funksional),1.4 ERP üzrə Funksional Mükəmməllik,1.4.3 Dəyişiklik sorğularını və release dövrlərini idarə etmək,1 IT & Digital – FMCG (Functional),1.4 ERP Functional Excellence,1.4.3 Manage change requests and release cycles
92,ERP,19,1.4.4,1 İT və Rəqəmsal – FMCG (Funksional),1.4 ERP üzrə Funksional Mükəmməllik,1.4.4 Mürəkkəb modullararası problemləri həll etmək,1 IT & Digital – FMCG (Functional),1.4 ERP Functional Excellence,1.4.4 Resolve complex cross-module issues
93,ERP,20,1.4.5,1 İT və Rəqəmsal – FMCG (Funksional),1.4 ERP üzrə Funksional Mükəmməllik,1.4.5 ERP istifadəsini və proses səmərəliliyini davamlı optimallaşdırmaq,1 IT & Digital – FMCG (Functional),1.4 ERP Functional Excellence,1.4.5 Continuously optimize ERP usage and process efficiency
94,ERP,21,1.5.1,1 İT və Rəqəmsal – FMCG (Funksional),1.5 Master Data İdarəetməsi (MDM),"1.5.1 Müştəri, məhsul, təchizatçı və qiymət məlumatları üzrə idarəetmə çərçivəsini müəyyən etmək",1 IT & Digital – FMCG (Functional),1.5 Master Data Management (MDM),"1.5.1 Define governance for customer, product, vendor, and pricing data"
95,ERP,22,1.5.2,1 İT və Rəqəmsal – FMCG (Funksional),1.5 Master Data İdarəetməsi (MDM),"1.5.2 Məlumatların dəqiqliyini, məsul sahibliyini və həyat dövrü nəzarətlərini təmin etmək",1 IT & Digital – FMCG (Functional),1.5 Master Data Management (MDM),"1.5.2 Ensure data accuracy, ownership, and lifecycle controls"
96,ERP,23,1.5.3,1 İT və Rəqəmsal – FMCG (Funksional),1.5 Master Data İdarəetməsi (MDM),1.5.3 Master data-nı ERP və əlaqəli sistemlər arasında inteqrasiya etmək,1 IT & Digital – FMCG (Functional),1.5 Master Data Management (MDM),1.5.3 Integrate master data across ERP and peripheral systems
97,ERP,24,1.5.4,1 İT və Rəqəmsal – FMCG (Funksional),1.5 Master Data İdarəetməsi (MDM),"1.5.4 Məlumat təkrarlanmasının, sızmaların və uyğunsuzluqların qarşısını almaq",1 IT & Digital – FMCG (Functional),1.5 Master Data Management (MDM),"1.5.4 Prevent data duplication, leakage, and inconsistency"
98,ERP,25,1.5.5,1 İT və Rəqəmsal – FMCG (Funksional),1.5 Master Data İdarəetməsi (MDM),"1.5.5 Analitika, hesabatlılıq və avtomatlaşdırma ehtiyaclarını dəstəkləmək",1 IT & Digital – FMCG (Functional),1.5 Master Data Management (MDM),"1.5.5 Support analytics, reporting, and automation needs"
99,ERP,26,1.6.1,1 İT və Rəqəmsal – FMCG (Funksional),"1.6 Satış, Ticarət və Təchizat Zənciri Sistemləri","1.6.1 ERP-ni CRM, SFA, TMS, WMS və distribyutor sistemləri ilə inteqrasiya etmək",1 IT & Digital – FMCG (Functional),"1.6 Sales, Trade & Supply Chain Systems","1.6.1 Integrate ERP with CRM, SFA, TMS, WMS, and distributor systems"
100,ERP,27,1.6.2,1 İT və Rəqəmsal – FMCG (Funksional),"1.6 Satış, Ticarət və Təchizat Zənciri Sistemləri","1.6.2 Ticarət promolarını, qiymətləmə və endirim nəzarətlərini dəstəkləmək",1 IT & Digital – FMCG (Functional),"1.6 Sales, Trade & Supply Chain Systems","1.6.2 Support trade promotions, pricing, and discount controls"
101,ERP,28,1.6.3,1 İT və Rəqəmsal – FMCG (Funksional),"1.6 Satış, Ticarət və Təchizat Zənciri Sistemləri",1.6.3 Real vaxtda mövcudluq və sifariş görünürlüğünü təmin etmək,1 IT & Digital – FMCG (Functional),"1.6 Sales, Trade & Supply Chain Systems",1.6.3 Enable real-time availability and order visibility
102,ERP,29,1.6.4,1 İT və Rəqəmsal – FMCG (Funksional),"1.6 Satış, Ticarət və Təchizat Zənciri Sistemləri","1.6.4 Tələbat planlaması, proqnozlaşdırma və S&OP alətlərini dəstəkləmək",1 IT & Digital – FMCG (Functional),"1.6 Sales, Trade & Supply Chain Systems","1.6.4 Support demand planning, forecasting, and S&OP tools"
103,ERP,30,1.6.5,1 İT və Rəqəmsal – FMCG (Funksional),"1.6 Satış, Ticarət və Təchizat Zənciri Sistemləri",1.6.5 FMCG dəyər zənciri boyunca fasiləsiz məlumat axınını təmin etmək,1 IT & Digital – FMCG (Functional),"1.6 Sales, Trade & Supply Chain Systems",1.6.5 Ensure seamless data flow across the FMCG value chain
104,ERP,31,1.7.1,1 İT və Rəqəmsal – FMCG (Funksional),1.7 İT Əməliyyatları və Xidmət İdarəetməsi,"1.7.1 İnfrastrukturu, şəbəkələri və son istifadəçi xidmətlərini idarə etmək",1 IT & Digital – FMCG (Functional),1.7 IT Operations & Service Management,"1.7.1 Manage infrastructure, networks, and end-user services"
105,ERP,32,1.7.2,1 İT və Rəqəmsal – FMCG (Funksional),1.7 İT Əməliyyatları və Xidmət İdarəetməsi,"1.7.2 Sistem əlçatanlığını, performansı və insidentlərə cavab prosesini təmin etmək",1 IT & Digital – FMCG (Functional),1.7 IT Operations & Service Management,"1.7.2 Ensure system availability, performance, and incident response"
106,ERP,33,1.7.3,1 İT və Rəqəmsal – FMCG (Funksional),1.7 İT Əməliyyatları və Xidmət İdarəetməsi,1.7.3 ITIL əsaslı xidmət idarəetməsi təcrübələrini tətbiq etmək,1 IT & Digital – FMCG (Functional),1.7 IT Operations & Service Management,1.7.3 Apply ITIL-based service management practices
107,ERP,34,1.7.4,1 İT və Rəqəmsal – FMCG (Funksional),1.7 İT Əməliyyatları və Xidmət İdarəetməsi,"1.7.4 Təchizatçıları, SLA-ları və autsorsinq tərəfdaşlarını idarə etmək",1 IT & Digital – FMCG (Functional),1.7 IT Operations & Service Management,"1.7.4 Manage vendors, SLAs, and outsourcing partners"
108,ERP,35,1.7.5,1 İT və Rəqəmsal – FMCG (Funksional),1.7 İT Əməliyyatları və Xidmət İdarəetməsi,1.7.5 Biznes davamlılığı və fəlakətdən bərpa proseslərini dəstəkləmək,1 IT & Digital – FMCG (Functional),1.7 IT Operations & Service Management,1.7.5 Support business continuity and disaster recovery
109,ERP,36,1.8.1,1 İT və Rəqəmsal – FMCG (Funksional),1.8 Kibertəhlükəsizlik və İT Riskləri,1.8.1 Kibertəhdidləri və sistem boşluqlarını müəyyən etmək,1 IT & Digital – FMCG (Functional),1.8 Cybersecurity & IT Risk,1.8.1 Identify cyber threats and system vulnerabilities
110,ERP,37,1.8.2,1 İT və Rəqəmsal – FMCG (Funksional),1.8 Kibertəhlükəsizlik və İT Riskləri,"1.8.2 Giriş nəzarətlərini, vəzifələrin ayrılığını və monitorinq mexanizmlərini tətbiq etmək",1 IT & Digital – FMCG (Functional),1.8 Cybersecurity & IT Risk,"1.8.2 Implement access controls, segregation of duties, and monitoring"
111,ERP,38,1.8.3,1 İT və Rəqəmsal – FMCG (Funksional),1.8 Kibertəhlükəsizlik və İT Riskləri,1.8.3 ERP-ni və biznes üçün kritik məlumatları qorumaq,1 IT & Digital – FMCG (Functional),1.8 Cybersecurity & IT Risk,1.8.3 Protect ERP and business-critical data
112,ERP,39,1.8.4,1 İT və Rəqəmsal – FMCG (Funksional),1.8 Kibertəhlükəsizlik və İT Riskləri,"1.8.4 İnsidentləri, pozuntuları və bərpa tədbirlərini idarə etmək",1 IT & Digital – FMCG (Functional),1.8 Cybersecurity & IT Risk,"1.8.4 Manage incidents, breaches, and recovery actions"
113,ERP,40,1.8.5,1 İT və Rəqəmsal – FMCG (Funksional),1.8 Kibertəhlükəsizlik və İT Riskləri,1.8.5 İT və məlumat tənzimləmələrinə uyğunluğu təmin etmək,1 IT & Digital – FMCG (Functional),1.8 Cybersecurity & IT Risk,1.8.5 Ensure compliance with IT and data regulations
114,ERP,41,1.9.1,1 İT və Rəqəmsal – FMCG (Funksional),"1.9 Məlumat, Analitika və Hesabatlılıq",1.9.1 Müəssisə üzrə məlumat modellərini və hesabat qatlarını dizayn etmək,1 IT & Digital – FMCG (Functional),"1.9 Data, Analytics & Reporting",1.9.1 Design enterprise data models and reporting layers
115,ERP,42,1.9.2,1 İT və Rəqəmsal – FMCG (Funksional),"1.9 Məlumat, Analitika və Hesabatlılıq",1.9.2 ERP məlumatlarını BI və analitika platformalarına inteqrasiya etmək,1 IT & Digital – FMCG (Functional),"1.9 Data, Analytics & Reporting",1.9.2 Integrate ERP data into BI and analytics platforms
116,ERP,43,1.9.3,1 İT və Rəqəmsal – FMCG (Funksional),"1.9 Məlumat, Analitika və Hesabatlılıq","1.9.3 Satış, maliyyə və təchizat zənciri dashboard-larını təmin etmək",1 IT & Digital – FMCG (Functional),"1.9 Data, Analytics & Reporting","1.9.3 Enable sales, finance, and supply chain dashboards"
117,ERP,44,1.9.4,1 İT və Rəqəmsal – FMCG (Funksional),"1.9 Məlumat, Analitika və Hesabatlılıq",1.9.4 Qabaqcıl analitika və proqnozlaşdırmanı dəstəkləmək,1 IT & Digital – FMCG (Functional),"1.9 Data, Analytics & Reporting",1.9.4 Support advanced analytics and forecasting
118,ERP,45,1.9.5,1 İT və Rəqəmsal – FMCG (Funksional),"1.9 Məlumat, Analitika və Hesabatlılıq",1.9.5 Məlumat idarəetməsi və keyfiyyət standartlarını təmin etmək,1 IT & Digital – FMCG (Functional),"1.9 Data, Analytics & Reporting",1.9.5 Ensure data governance and quality standards
119,ERP,46,1.10.1,1 İT və Rəqəmsal – FMCG (Funksional),1.10 Rəqəmsal Transformasiya və Avtomatlaşdırma,"1.10.1 Avtomatlaşdırma imkanlarını müəyyən etmək (RPA, workflow-lar, AI)",1 IT & Digital – FMCG (Functional),1.10 Digital Transformation & Automation,"1.10.1 Identify automation opportunities (RPA, workflows, AI)"
120,ERP,47,1.10.2,1 İT və Rəqəmsal – FMCG (Funksional),1.10 Rəqəmsal Transformasiya və Avtomatlaşdırma,1.10.2 Manual və yüksək həcmli ERP proseslərini rəqəmsallaşdırmaq,1 IT & Digital – FMCG (Functional),1.10 Digital Transformation & Automation,1.10.2 Digitize manual and high-volume ERP processes
121,ERP,48,1.10.3,1 İT və Rəqəmsal – FMCG (Funksional),1.10 Rəqəmsal Transformasiya və Avtomatlaşdırma,1.10.3 E-ticarət və omnichannel inteqrasiyasını dəstəkləmək,1 IT & Digital – FMCG (Functional),1.10 Digital Transformation & Automation,1.10.3 Support e-commerce and omnichannel integration
122,ERP,49,1.10.4,1 İT və Rəqəmsal – FMCG (Funksional),1.10 Rəqəmsal Transformasiya və Avtomatlaşdırma,1.10.4 Yeni rəqəmsal həlləri pilotlaşdırmaq və miqyaslandırmaq,1 IT & Digital – FMCG (Functional),1.10 Digital Transformation & Automation,1.10.4 Pilot and scale new digital solutions
123,ERP,50,1.10.5,1 İT və Rəqəmsal – FMCG (Funksional),1.10 Rəqəmsal Transformasiya və Avtomatlaşdırma,1.10.5 Rəqəmsal təşəbbüslərdən əldə olunan dəyərin reallaşmasını izləmək,1 IT & Digital – FMCG (Functional),1.10 Digital Transformation & Automation,1.10.5 Track value realization from digital initiatives
124,ERP,51,2.1.1,2 İT Liderliyi və Peşəkar Effektivlik (Davranış),2.1 Biznes Tərəfdaşlığı və Kommersiya Anlayışı,2.1.1 FMCG biznes ehtiyaclarını texnoloji həllərə çevirmək,2 IT Leadership & Professional Effectiveness (Behavioral),2.1 Business Partnership & Commercial Understanding,2.1.1 Translate FMCG business needs into technology solutions
125,ERP,52,2.1.2,2 İT Liderliyi və Peşəkar Effektivlik (Davranış),2.1 Biznes Tərəfdaşlığı və Kommersiya Anlayışı,"2.1.2 Sürət, xərc və sistem dayanıqlığı arasında balans yaratmaq",2 IT Leadership & Professional Effectiveness (Behavioral),2.1 Business Partnership & Commercial Understanding,"2.1.2 Balance speed, cost, and system robustness"
126,ERP,53,2.1.3,2 İT Liderliyi və Peşəkar Effektivlik (Davranış),2.1 Biznes Tərəfdaşlığı və Kommersiya Anlayışı,2.1.3 İT qərarlarının biznesə təsirini qabaqcadan görmək,2 IT Leadership & Professional Effectiveness (Behavioral),2.1 Business Partnership & Commercial Understanding,2.1.3 Anticipate business impact of IT decisions
127,ERP,54,2.1.4,2 İT Liderliyi və Peşəkar Effektivlik (Davranış),2.1 Biznes Tərəfdaşlığı və Kommersiya Anlayışı,2.1.4 Etibarlı biznes tərəfdaşı kimi inam formalaşdırmaq,2 IT Leadership & Professional Effectiveness (Behavioral),2.1 Business Partnership & Commercial Understanding,2.1.4 Build credibility as a trusted business partner
128,ERP,55,2.1.5,2 İT Liderliyi və Peşəkar Effektivlik (Davranış),2.1 Biznes Tərəfdaşlığı və Kommersiya Anlayışı,2.1.5 Dəyər yönümlü İT müzakirələrini təşviq etmək,2 IT Leadership & Professional Effectiveness (Behavioral),2.1 Business Partnership & Commercial Understanding,2.1.5 Drive value-focused IT conversations
129,ERP,56,2.2.1,2 İT Liderliyi və Peşəkar Effektivlik (Davranış),2.2 Strateji Düşüncə və Qərarvermə,2.2.1 Uzunmüddətli memarlıq və investisiya qərarları vermək,2 IT Leadership & Professional Effectiveness (Behavioral),2.2 Strategic Thinking & Decision Making,2.2.1 Make long-term architecture and investment decisions
130,ERP,57,2.2.2,2 İT Liderliyi və Peşəkar Effektivlik (Davranış),2.2 Strateji Düşüncə və Qərarvermə,2.2.2 Təşəbbüsləri müəssisə dəyərinə əsasən prioritetləşdirmək,2 IT Leadership & Professional Effectiveness (Behavioral),2.2 Strategic Thinking & Decision Making,2.2.2 Prioritize initiatives based on enterprise value
131,ERP,58,2.2.3,2 İT Liderliyi və Peşəkar Effektivlik (Davranış),2.2 Strateji Düşüncə və Qərarvermə,2.2.3 Qeyri-müəyyənlik şəraitində kompromisləri idarə etmək,2 IT Leadership & Professional Effectiveness (Behavioral),2.2 Strategic Thinking & Decision Making,2.2.3 Manage trade-offs under uncertainty
132,ERP,59,2.2.4,2 İT Liderliyi və Peşəkar Effektivlik (Davranış),2.2 Strateji Düşüncə və Qərarvermə,2.2.4 Texnologiya və kiberriskləri qabaqcadan görmək,2 IT Leadership & Professional Effectiveness (Behavioral),2.2 Strategic Thinking & Decision Making,2.2.4 Anticipate technology and cyber risks
133,ERP,60,2.2.5,2 İT Liderliyi və Peşəkar Effektivlik (Davranış),2.2 Strateji Düşüncə və Qərarvermə,2.2.5 Sistem və ya biznes böhranları zamanı qətiyyətlə hərəkət etmək,2 IT Leadership & Professional Effectiveness (Behavioral),2.2 Strategic Thinking & Decision Making,2.2.5 Act decisively during system or business crises
134,ERP,61,2.3.1,2 İT Liderliyi və Peşəkar Effektivlik (Davranış),2.3 İnsan Liderliyi və Bacarıqların İnkişafı,2.3.1 İT komandaları daxilində ERP və rəqəmsal bacarıqları inkişaf etdirmək,2 IT Leadership & Professional Effectiveness (Behavioral),2.3 People Leadership & Capability Building,2.3.1 Build ERP and digital capability within IT teams
135,ERP,62,2.3.2,2 İT Liderliyi və Peşəkar Effektivlik (Davranış),2.3 İnsan Liderliyi və Bacarıqların İnkişafı,2.3.2 Komandalara yüksək keyfiyyətli icra və intizam mövzusunda kouçinq vermək,2 IT Leadership & Professional Effectiveness (Behavioral),2.3 People Leadership & Capability Building,2.3.2 Coach teams on delivery excellence and discipline
136,ERP,63,2.3.3,2 İT Liderliyi və Peşəkar Effektivlik (Davranış),2.3 İnsan Liderliyi və Bacarıqların İnkişafı,2.3.3 Kritik İT rolları üçün varislər yetişdirmək,2 IT Leadership & Professional Effectiveness (Behavioral),2.3 People Leadership & Capability Building,2.3.3 Develop successors for critical IT roles
137,ERP,64,2.3.4,2 İT Liderliyi və Peşəkar Effektivlik (Davranış),2.3 İnsan Liderliyi və Bacarıqların İnkişafı,2.3.4 Performansı və hesabatlılığı idarə etmək,2 IT Leadership & Professional Effectiveness (Behavioral),2.3 People Leadership & Capability Building,2.3.4 Manage performance and accountability
138,ERP,65,2.3.5,2 İT Liderliyi və Peşəkar Effektivlik (Davranış),2.3 İnsan Liderliyi və Bacarıqların İnkişafı,2.3.5 Davamlı öyrənmə və innovasiya mühitini təşviq etmək,2 IT Leadership & Professional Effectiveness (Behavioral),2.3 People Leadership & Capability Building,2.3.5 Foster continuous learning and innovation
139,ERP,66,2.4.1,2 İT Liderliyi və Peşəkar Effektivlik (Davranış),"2.4 İdarəetmə, Dürüstlük və İcra İntizamı","2.4.1 İT idarəetməsini, nəzarət mexanizmlərini və standartları tətbiq etmək",2 IT Leadership & Professional Effectiveness (Behavioral),"2.4 Governance, Integrity & Execution Discipline","2.4.1 Enforce IT governance, controls, and standards"
140,ERP,67,2.4.2,2 İT Liderliyi və Peşəkar Effektivlik (Davranış),"2.4 İdarəetmə, Dürüstlük və İcra İntizamı",2.4.2 Audit hazırlığını və uyğunluğu təmin etmək,2 IT Leadership & Professional Effectiveness (Behavioral),"2.4 Governance, Integrity & Execution Discipline",2.4.2 Ensure audit readiness and compliance
141,ERP,68,2.4.3,2 İT Liderliyi və Peşəkar Effektivlik (Davranış),"2.4 İdarəetmə, Dürüstlük və İcra İntizamı",2.4.3 İcra nəticələrinə ucdan-uca sahiblik göstərmək,2 IT Leadership & Professional Effectiveness (Behavioral),"2.4 Governance, Integrity & Execution Discipline",2.4.3 Own delivery outcomes end-to-end
142,ERP,69,2.4.4,2 İT Liderliyi və Peşəkar Effektivlik (Davranış),"2.4 İdarəetmə, Dürüstlük və İcra İntizamı",2.4.4 Məsələləri proaktiv və şəffaf şəkildə həll etmək,2 IT Leadership & Professional Effectiveness (Behavioral),"2.4 Governance, Integrity & Execution Discipline",2.4.4 Address issues proactively and transparently
143,ERP,70,2.4.5,2 İT Liderliyi və Peşəkar Effektivlik (Davranış),"2.4 İdarəetmə, Dürüstlük və İcra İntizamı",2.4.5 Əməliyyat təzyiqi altında dayanıqlılığı qorumaq,2 IT Leadership & Professional Effectiveness (Behavioral),"2.4 Governance, Integrity & Execution Discipline",2.4.5 Maintain resilience under operational pressure
144,BA,1,1.1.1,1 Biznes Analitikası – FMCG (Funksional),1.1 Analitika Strategiyası və Dəyərin İdarə Edilməsi,"1.1.1 FMCG üzrə böyümə, marja və icra prioritetlərinə uyğun analitika vizyonunu müəyyən etmək",1 Business Analytics – FMCG (Functional),1.1 Analytics Strategy & Value Management,"1.1.1 Define analytics vision aligned with FMCG growth, margin, and execution priorities"
145,BA,2,1.1.2,1 Biznes Analitikası – FMCG (Funksional),1.1 Analitika Strategiyası və Dəyərin İdarə Edilməsi,1.1.2 Analitika istifadə hallarını biznes dəyəri və tətbiq edilə bilmə imkanına əsasən prioritetləşdirmək,1 Business Analytics – FMCG (Functional),1.1 Analytics Strategy & Value Management,1.1.2 Prioritize analytics use cases based on business value and feasibility
146,BA,3,1.1.3,1 Biznes Analitikası – FMCG (Funksional),1.1 Analitika Strategiyası və Dəyərin İdarə Edilməsi,1.1.3 Biznes suallarını strukturlaşdırılmış analitik problemlərə çevirmək,1 Business Analytics – FMCG (Functional),1.1 Analytics Strategy & Value Management,1.1.3 Translate business questions into structured analytical problems
147,BA,4,1.1.4,1 Biznes Analitikası – FMCG (Funksional),1.1 Analitika Strategiyası və Dəyərin İdarə Edilməsi,"1.1.4 Analitika üzrə idarəetmə çərçivəsini, məsul sahibliyini və icra ritmini formalaşdırmaq",1 Business Analytics – FMCG (Functional),1.1 Analytics Strategy & Value Management,"1.1.4 Establish analytics governance, ownership, and delivery cadence"
148,BA,5,1.1.5,1 Biznes Analitikası – FMCG (Funksional),1.1 Analitika Strategiyası və Dəyərin İdarə Edilməsi,1.1.5 Analitika təşəbbüslərindən əldə olunan dəyərin reallaşmasını izləmək,1 Business Analytics – FMCG (Functional),1.1 Analytics Strategy & Value Management,1.1.5 Track value realization from analytics initiatives
149,BA,6,1.2.1,1 Biznes Analitikası – FMCG (Funksional),1.2 Məlumatların Anlaşılması və Biznes Konteksti,"1.2.1 FMCG dəyər zəncirini anlamaq (satış, ticarət, təchizat, maliyyə, marketinq)",1 Business Analytics – FMCG (Functional),1.2 Data Understanding & Business Context,"1.2.1 Understand FMCG value chain (sales, trade, supply, finance, marketing)"
150,BA,7,1.2.2,1 Biznes Analitikası – FMCG (Funksional),1.2 Məlumatların Anlaşılması və Biznes Konteksti,"1.2.2 Həcm, dəyər və marja göstəricilərinin arxasında duran biznes amillərini şərh etmək",1 Business Analytics – FMCG (Functional),1.2 Data Understanding & Business Context,"1.2.2 Interpret business drivers behind volume, value, and margin"
151,BA,8,1.2.3,1 Biznes Analitikası – FMCG (Funksional),1.2 Məlumatların Anlaşılması və Biznes Konteksti,"1.2.3 Məlumat boşluqlarını, qərəzlilikləri və biznes məhdudiyyətlərini müəyyən etmək",1 Business Analytics – FMCG (Functional),1.2 Data Understanding & Business Context,"1.2.3 Identify data gaps, biases, and business limitations"
152,BA,9,1.2.4,1 Biznes Analitikası – FMCG (Funksional),1.2 Məlumatların Anlaşılması və Biznes Konteksti,1.2.4 İnsaytları kommersiya baxımından relevant dildə təqdim etmək,1 Business Analytics – FMCG (Functional),1.2 Data Understanding & Business Context,1.2.4 Frame insights in commercially relevant language
153,BA,10,1.2.5,1 Biznes Analitikası – FMCG (Funksional),1.2 Məlumatların Anlaşılması və Biznes Konteksti,1.2.5 Fərziyyələri məlumat və sübutlar əsasında sorğulamaq,1 Business Analytics – FMCG (Functional),1.2 Data Understanding & Business Context,1.2.5 Challenge assumptions using data and evidence
154,BA,11,1.3.1,1 Biznes Analitikası – FMCG (Funksional),1.3 Məlumat Mənbələri və İnteqrasiya,"1.3.1 ERP, CRM, SFA, distribyutor və sell-out məlumatlarını inteqrasiya etmək",1 Business Analytics – FMCG (Functional),1.3 Data Sources & Integration,"1.3.1 Integrate ERP, CRM, SFA, distributor, and sell-out data"
155,BA,12,1.3.2,1 Biznes Analitikası – FMCG (Funksional),1.3 Məlumat Mənbələri və İnteqrasiya,1.3.2 Daxili məlumatları xarici bazar və panel məlumatları ilə birləşdirmək,1 Business Analytics – FMCG (Functional),1.3 Data Sources & Integration,1.3.2 Combine internal data with external market and panel data
156,BA,13,1.3.3,1 Biznes Analitikası – FMCG (Funksional),1.3 Məlumat Mənbələri və İnteqrasiya,1.3.3 Kanallar və iyerarxiyalar üzrə məlumat uyğunluğunu təmin etmək,1 Business Analytics – FMCG (Functional),1.3 Data Sources & Integration,1.3.3 Ensure data consistency across channels and hierarchies
157,BA,14,1.3.4,1 Biznes Analitikası – FMCG (Funksional),1.3 Məlumat Mənbələri və İnteqrasiya,1.3.4 Məlumatların yenilənmə dövrlərini və məsul sahibliyini müəyyən etmək,1 Business Analytics – FMCG (Functional),1.3 Data Sources & Integration,1.3.4 Define data refresh cycles and ownership
158,BA,15,1.3.5,1 Biznes Analitikası – FMCG (Funksional),1.3 Məlumat Mənbələri və İnteqrasiya,1.3.5 IT və ERP komandaları ilə master data uyğunlaşdırılmasına dəstək vermək,1 Business Analytics – FMCG (Functional),1.3 Data Sources & Integration,1.3.5 Support master data alignment with IT and ERP teams
159,BA,16,1.4.1,1 Biznes Analitikası – FMCG (Funksional),1.4 Təsviri və Diaqnostik Analitika,"1.4.1 Satış, distribusiya, mövcudluq və icra performansını təhlil etmək",1 Business Analytics – FMCG (Functional),1.4 Descriptive & Diagnostic Analytics,"1.4.1 Analyze sales, distribution, availability, and execution performance"
160,BA,17,1.4.2,1 Biznes Analitikası – FMCG (Funksional),1.4 Təsviri və Diaqnostik Analitika,"1.4.2 Kanal, SKU və ərazi üzrə performans boşluqlarının səbəblərini diaqnostika etmək",1 Business Analytics – FMCG (Functional),1.4 Descriptive & Diagnostic Analytics,"1.4.2 Diagnose drivers of performance gaps by channel, SKU, and territory"
161,BA,18,1.4.3,1 Biznes Analitikası – FMCG (Funksional),1.4 Təsviri və Diaqnostik Analitika,"1.4.3 Qiymətləndirmə, trade spend və promosiya sahələrində sızmaları müəyyən etmək",1 Business Analytics – FMCG (Functional),1.4 Descriptive & Diagnostic Analytics,"1.4.3 Identify leakage in pricing, trade spend, and promotions"
162,BA,19,1.4.4,1 Biznes Analitikası – FMCG (Funksional),1.4 Təsviri və Diaqnostik Analitika,1.4.4 Strukturlaşdırılmış çərçivələrdən istifadə etməklə kök səbəb təhlili aparmaq,1 Business Analytics – FMCG (Functional),1.4 Descriptive & Diagnostic Analytics,1.4.4 Conduct root-cause analysis using structured frameworks
163,BA,20,1.4.5,1 Biznes Analitikası – FMCG (Funksional),1.4 Təsviri və Diaqnostik Analitika,1.4.5 Təhlili aydın və prioritetləşdirilmiş insaytlara çevirmək,1 Business Analytics – FMCG (Functional),1.4 Descriptive & Diagnostic Analytics,"1.4.5 Convert analysis into clear, prioritized insights"
164,BA,21,1.5.1,1 Biznes Analitikası – FMCG (Funksional),1.5 Proqnozlaşdırıcı Analitika və Proqnozlaşdırma,1.5.1 Tarixi və səbəb-nəticə məlumatlarından istifadə etməklə tələbat proqnozları qurmaq,1 Business Analytics – FMCG (Functional),1.5 Predictive Analytics & Forecasting,1.5.1 Build demand forecasts using historical and causal data
165,BA,22,1.5.2,1 Biznes Analitikası – FMCG (Funksional),1.5 Proqnozlaşdırıcı Analitika və Proqnozlaşdırma,"1.5.2 Promosiyanın təsir artımını, mövsümsəlliyi və kannibalizasiyanı modelləşdirmək",1 Business Analytics – FMCG (Functional),1.5 Predictive Analytics & Forecasting,"1.5.2 Model promo uplift, seasonality, and cannibalization"
166,BA,23,1.5.3,1 Biznes Analitikası – FMCG (Funksional),1.5 Proqnozlaşdırıcı Analitika və Proqnozlaşdırma,1.5.3 S&OP prosesini ssenari əsaslı proqnozlarla dəstəkləmək,1 Business Analytics – FMCG (Functional),1.5 Predictive Analytics & Forecasting,1.5.3 Support S&OP with scenario-based forecasts
167,BA,24,1.5.4,1 Biznes Analitikası – FMCG (Funksional),1.5 Proqnozlaşdırıcı Analitika və Proqnozlaşdırma,1.5.4 Proqnozların dəqiqliyini və qərəzliliyini qiymətləndirmək,1 Business Analytics – FMCG (Functional),1.5 Predictive Analytics & Forecasting,1.5.4 Assess forecast accuracy and bias
168,BA,25,1.5.5,1 Biznes Analitikası – FMCG (Funksional),1.5 Proqnozlaşdırıcı Analitika və Proqnozlaşdırma,1.5.5 Tələbat risklərini azaltmaq üçün tədbirlər tövsiyə etmək,1 Business Analytics – FMCG (Functional),1.5 Predictive Analytics & Forecasting,1.5.5 Recommend actions to mitigate demand risks
169,BA,26,1.6.1,1 Biznes Analitikası – FMCG (Funksional),1.6 Gəlir Artımı və Kommersiya Analitikası,"1.6.1 Qiymət, miks, promosiya və distribusiya amillərini təhlil etmək",1 Business Analytics – FMCG (Functional),1.6 Revenue Growth & Commercial Analytics,"1.6.1 Analyze price, mix, promo, and distribution drivers"
170,BA,27,1.6.2,1 Biznes Analitikası – FMCG (Funksional),1.6 Gəlir Artımı və Kommersiya Analitikası,1.6.2 RGM prosesini elastiklik və ssenari təhlili ilə dəstəkləmək,1 Business Analytics – FMCG (Functional),1.6 Revenue Growth & Commercial Analytics,1.6.2 Support RGM with elasticity and scenario analysis
171,BA,28,1.6.3,1 Biznes Analitikası – FMCG (Funksional),1.6 Gəlir Artımı və Kommersiya Analitikası,1.6.3 Müştəri və kanal mənfəətliliyini qiymətləndirmək,1 Business Analytics – FMCG (Functional),1.6 Revenue Growth & Commercial Analytics,1.6.3 Evaluate customer and channel profitability
172,BA,29,1.6.4,1 Biznes Analitikası – FMCG (Funksional),1.6 Gəlir Artımı və Kommersiya Analitikası,1.6.4 Trade spend bölgüsünü optimallaşdırmaq,1 Business Analytics – FMCG (Functional),1.6 Revenue Growth & Commercial Analytics,1.6.4 Optimize trade spend allocation
173,BA,30,1.6.5,1 Biznes Analitikası – FMCG (Funksional),1.6 Gəlir Artımı və Kommersiya Analitikası,1.6.5 Kommersiya qərarlarının maliyyə təsirini kəmiyyətcə ölçmək,1 Business Analytics – FMCG (Functional),1.6 Revenue Growth & Commercial Analytics,1.6.5 Quantify financial impact of commercial decisions
174,BA,31,1.7.1,1 Biznes Analitikası – FMCG (Funksional),1.7 Marketinq və İstehlakçı Analitikası,"1.7.1 Brend, kampaniya və media performansını təhlil etmək",1 Business Analytics – FMCG (Functional),1.7 Marketing & Consumer Analytics,"1.7.1 Analyze brand, campaign, and media performance"
175,BA,32,1.7.2,1 Biznes Analitikası – FMCG (Funksional),1.7 Marketinq və İstehlakçı Analitikası,"1.7.2 ATL, BTL və rəqəmsal investisiyaların ROI göstəricisini ölçmək",1 Business Analytics – FMCG (Functional),1.7 Marketing & Consumer Analytics,"1.7.2 Measure ROI of ATL, BTL, and digital investments"
176,BA,33,1.7.3,1 Biznes Analitikası – FMCG (Funksional),1.7 Marketinq və İstehlakçı Analitikası,1.7.3 Davranış məlumatlarından istifadə etməklə istehlakçı və alıcı seqmentasiyası aparmaq,1 Business Analytics – FMCG (Functional),1.7 Marketing & Consumer Analytics,1.7.3 Segment consumers and shoppers using behavioral data
177,BA,34,1.7.4,1 Biznes Analitikası – FMCG (Funksional),1.7 Marketinq və İstehlakçı Analitikası,1.7.4 İnnovasiya və NPD qərarlarını insaytlarla dəstəkləmək,1 Business Analytics – FMCG (Functional),1.7 Marketing & Consumer Analytics,1.7.4 Support innovation and NPD decisions with insights
178,BA,35,1.7.5,1 Biznes Analitikası – FMCG (Funksional),1.7 Marketinq və İstehlakçı Analitikası,1.7.5 İstehlakçı məlumatlarını icra oluna bilən tövsiyələrə çevirmək,1 Business Analytics – FMCG (Functional),1.7 Marketing & Consumer Analytics,1.7.5 Translate consumer data into actionable recommendations
179,BA,36,1.8.1,1 Biznes Analitikası – FMCG (Funksional),1.8 Təchizat Zənciri və Əməliyyat Analitikası,"1.8.1 Xidmət səviyyəsini, OOS və inventar performansını təhlil etmək",1 Business Analytics – FMCG (Functional),1.8 Supply Chain & Operations Analytics,"1.8.1 Analyze service level, OOS, and inventory performance"
180,BA,37,1.8.2,1 Biznes Analitikası – FMCG (Funksional),1.8 Təchizat Zənciri və Əməliyyat Analitikası,1.8.2 Mövcudluq və sifariş icrası problemlərinin kök səbəblərini müəyyən etmək,1 Business Analytics – FMCG (Functional),1.8 Supply Chain & Operations Analytics,1.8.2 Identify root causes of availability and fulfillment issues
181,BA,38,1.8.3,1 Biznes Analitikası – FMCG (Funksional),1.8 Təchizat Zənciri və Əməliyyat Analitikası,1.8.3 İnventarın optimallaşdırılmasına və dövriyyə kapitalının azaldılmasına dəstək vermək,1 Business Analytics – FMCG (Functional),1.8 Supply Chain & Operations Analytics,1.8.3 Support inventory optimization and working capital reduction
182,BA,39,1.8.4,1 Biznes Analitikası – FMCG (Funksional),1.8 Təchizat Zənciri və Əməliyyat Analitikası,"1.8.4 Güc, məhdudiyyətlər və təchizat risklərini modelləşdirmək",1 Business Analytics – FMCG (Functional),1.8 Supply Chain & Operations Analytics,"1.8.4 Model capacity, constraints, and supply risks"
183,BA,40,1.8.5,1 Biznes Analitikası – FMCG (Funksional),1.8 Təchizat Zənciri və Əməliyyat Analitikası,1.8.5 Məlumata əsaslanan S&OP və IBP müzakirələrini təmin etmək,1 Business Analytics – FMCG (Functional),1.8 Supply Chain & Operations Analytics,1.8.5 Enable data-driven S&OP and IBP discussions
184,BA,41,1.9.1,1 Biznes Analitikası – FMCG (Funksional),"1.9 Hesabatlar, Dashboard-lar və Məlumatların Vizualizasiyası",1.9.1 İcraedici və əməliyyat dashboard-larını dizayn etmək,1 Business Analytics – FMCG (Functional),"1.9 Reporting, Dashboards & Data Visualization",1.9.1 Design executive and operational dashboards
185,BA,42,1.9.2,1 Biznes Analitikası – FMCG (Funksional),"1.9 Hesabatlar, Dashboard-lar və Məlumatların Vizualizasiyası",1.9.2 Vahid KPI-ları və performans təriflərini müəyyən etmək,1 Business Analytics – FMCG (Functional),"1.9 Reporting, Dashboards & Data Visualization",1.9.2 Define consistent KPIs and performance definitions
186,BA,43,1.9.3,1 Biznes Analitikası – FMCG (Funksional),"1.9 Hesabatlar, Dashboard-lar və Məlumatların Vizualizasiyası","1.9.3 İstifadə rahatlığını, aydınlığı və insayt yönümlü dizaynı təmin etmək",1 Business Analytics – FMCG (Functional),"1.9 Reporting, Dashboards & Data Visualization","1.9.3 Ensure usability, clarity, and insight-driven design"
187,BA,44,1.9.4,1 Biznes Analitikası – FMCG (Funksional),"1.9 Hesabatlar, Dashboard-lar və Məlumatların Vizualizasiyası",1.9.4 Hesabatlılığı avtomatlaşdırmaq və manual işi azaltmaq,1 Business Analytics – FMCG (Functional),"1.9 Reporting, Dashboards & Data Visualization",1.9.4 Automate reporting and reduce manual effort
188,BA,45,1.9.5,1 Biznes Analitikası – FMCG (Funksional),"1.9 Hesabatlar, Dashboard-lar və Məlumatların Vizualizasiyası",1.9.5 Biznes istifadəçilərini interpretasiya və istifadə üzrə təlimatlandırmaq,1 Business Analytics – FMCG (Functional),"1.9 Reporting, Dashboards & Data Visualization",1.9.5 Train business users on interpretation and usage
189,BA,46,1.10.1,1 Biznes Analitikası – FMCG (Funksional),1.10 Qabaqcıl Analitika və Qərar Dəstəyi,1.10.1 Optimallaşdırma və simulyasiya üçün qabaqcıl modellər tətbiq etmək,1 Business Analytics – FMCG (Functional),1.10 Advanced Analytics & Decision Support,1.10.1 Apply advanced models for optimization and simulation
190,BA,47,1.10.2,1 Biznes Analitikası – FMCG (Funksional),1.10 Qabaqcıl Analitika və Qərar Dəstəyi,1.10.2 Ssenari planlaması və what-if təhlilini dəstəkləmək,1 Business Analytics – FMCG (Functional),1.10 Advanced Analytics & Decision Support,1.10.2 Support scenario planning and what-if analysis
191,BA,48,1.10.3,1 Biznes Analitikası – FMCG (Funksional),1.10 Qabaqcıl Analitika və Qərar Dəstəyi,1.10.3 Analitikanı qərarvermə proseslərinə və rutinlərə inteqrasiya etmək,1 Business Analytics – FMCG (Functional),1.10 Advanced Analytics & Decision Support,1.10.3 Embed analytics into decision processes and routines
192,BA,49,1.10.4,1 Biznes Analitikası – FMCG (Funksional),1.10 Qabaqcıl Analitika və Qərar Dəstəyi,1.10.4 Uyğun hallarda AI/ML tətbiqləri üzrə IT komandası ilə tərəfdaşlıq etmək,1 Business Analytics – FMCG (Functional),1.10 Advanced Analytics & Decision Support,1.10.4 Partner with IT on AI/ML enablement where relevant
193,BA,50,1.10.5,1 Biznes Analitikası – FMCG (Funksional),1.10 Qabaqcıl Analitika və Qərar Dəstəyi,1.10.5 Qərar keyfiyyətindəki yaxşılaşmanı ölçmək,1 Business Analytics – FMCG (Functional),1.10 Advanced Analytics & Decision Support,1.10.5 Measure decision quality improvement
194,BA,51,2.1.1,2 Analitika üzrə Liderlik və Peşəkar Effektivlik (Davranış),2.1 Biznes Tərəfdaşlığı və Təsir Etmə,2.1.1 Kommersiya və funksional rəhbərlər üçün etibarlı məsləhətçi kimi çıxış etmək,2 Analytics Leadership & Professional Effectiveness (Behavioral),2.1 Business Partnering & Influence,2.1.1 Act as trusted advisor to commercial and functional leaders
195,BA,52,2.1.2,2 Analitika üzrə Liderlik və Peşəkar Effektivlik (Davranış),2.1 Biznes Tərəfdaşlığı və Təsir Etmə,"2.1.2 Faktlar, ssenarilər və kompromislərdən istifadə etməklə qərarlara təsir göstərmək",2 Analytics Leadership & Professional Effectiveness (Behavioral),2.1 Business Partnering & Influence,"2.1.2 Influence decisions using facts, scenarios, and trade-offs"
196,BA,53,2.1.3,2 Analitika üzrə Liderlik və Peşəkar Effektivlik (Davranış),2.1 Biznes Tərəfdaşlığı və Təsir Etmə,2.1.3 Aşağı dəyər yaradan analiz sorğularına əsaslandırılmış şəkildə etiraz etmək,2 Analytics Leadership & Professional Effectiveness (Behavioral),2.1 Business Partnering & Influence,2.1.3 Push back on low-value analysis requests
197,BA,54,2.1.4,2 Analitika üzrə Liderlik və Peşəkar Effektivlik (Davranış),2.1 Biznes Tərəfdaşlığı və Təsir Etmə,2.1.4 Ortaq metriklər vasitəsilə funksiyalararası uyğunlaşmanı təmin etmək,2 Analytics Leadership & Professional Effectiveness (Behavioral),2.1 Business Partnering & Influence,2.1.4 Drive alignment across functions using shared metrics
198,BA,55,2.1.5,2 Analitika üzrə Liderlik və Peşəkar Effektivlik (Davranış),2.1 Biznes Tərəfdaşlığı və Təsir Etmə,2.1.5 Dəqiqlik və ardıcıllıq vasitəsilə etibarlılığı qorumaq,2 Analytics Leadership & Professional Effectiveness (Behavioral),2.1 Business Partnering & Influence,2.1.5 Maintain credibility through accuracy and consistency
199,BA,56,2.2.1,2 Analitika üzrə Liderlik və Peşəkar Effektivlik (Davranış),2.2 Strateji Düşüncə və Problemlərin Həlli,2.2.1 Qeyri-müəyyən biznes problemlərini strukturlaşdırmaq,2 Analytics Leadership & Professional Effectiveness (Behavioral),2.2 Strategic Thinking & Problem Solving,2.2.1 Structure ambiguous business problems
200,BA,57,2.2.2,2 Analitika üzrə Liderlik və Peşəkar Effektivlik (Davranış),2.2 Strateji Düşüncə və Problemlərin Həlli,2.2.2 Analitikanı ən yüksək təsir yaradan suallara fokuslamaq,2 Analytics Leadership & Professional Effectiveness (Behavioral),2.2 Strategic Thinking & Problem Solving,2.2.2 Focus analytics on highest-impact questions
201,BA,58,2.2.3,2 Analitika üzrə Liderlik və Peşəkar Effektivlik (Davranış),2.2 Strateji Düşüncə və Problemlərin Həlli,2.2.3 Sürət ilə analitik dəqiqlik arasında balans yaratmaq,2 Analytics Leadership & Professional Effectiveness (Behavioral),2.2 Strategic Thinking & Problem Solving,2.2.3 Balance speed and analytical rigor
202,BA,59,2.2.4,2 Analitika üzrə Liderlik və Peşəkar Effektivlik (Davranış),2.2 Strateji Düşüncə və Problemlərin Həlli,2.2.4 İnsaytların sonrakı təsirlərini qabaqcadan görmək,2 Analytics Leadership & Professional Effectiveness (Behavioral),2.2 Strategic Thinking & Problem Solving,2.2.4 Anticipate downstream implications of insights
203,BA,60,2.2.5,2 Analitika üzrə Liderlik və Peşəkar Effektivlik (Davranış),2.2 Strateji Düşüncə və Problemlərin Həlli,"2.2.5 Yalnız insayt deyil, aydın fəaliyyət addımları tövsiyə etmək",2 Analytics Leadership & Professional Effectiveness (Behavioral),2.2 Strategic Thinking & Problem Solving,"2.2.5 Recommend clear actions, not just insights"
204,BA,61,2.3.1,2 Analitika üzrə Liderlik və Peşəkar Effektivlik (Davranış),"2.3 Kommunikasiya, Hesabatlılıq və Etika",2.3.1 İnsaytları texniki olmayan auditoriyaya aydın şəkildə çatdırmaq,2 Analytics Leadership & Professional Effectiveness (Behavioral),"2.3 Communication, Accountability & Ethics",2.3.1 Communicate insights clearly to non-technical audiences
205,BA,62,2.3.2,2 Analitika üzrə Liderlik və Peşəkar Effektivlik (Davranış),"2.3 Kommunikasiya, Hesabatlılıq və Etika",2.3.2 Analitik nəticələrə və fərziyyələrə sahiblik göstərmək,2 Analytics Leadership & Professional Effectiveness (Behavioral),"2.3 Communication, Accountability & Ethics",2.3.2 Take ownership of analytical outputs and assumptions
206,BA,63,2.3.3,2 Analitika üzrə Liderlik və Peşəkar Effektivlik (Davranış),"2.3 Kommunikasiya, Hesabatlılıq və Etika",2.3.3 Məlumat və analitikanın etik istifadəsini təmin etmək,2 Analytics Leadership & Professional Effectiveness (Behavioral),"2.3 Communication, Accountability & Ethics",2.3.3 Ensure ethical use of data and analytics
207,BA,64,2.3.4,2 Analitika üzrə Liderlik və Peşəkar Effektivlik (Davranış),"2.3 Kommunikasiya, Hesabatlılıq və Etika",2.3.4 Məlumatların məxfiliyini və bütövlüyünü qorumaq,2 Analytics Leadership & Professional Effectiveness (Behavioral),"2.3 Communication, Accountability & Ethics",2.3.4 Maintain data confidentiality and integrity
208,BA,65,2.3.5,2 Analitika üzrə Liderlik və Peşəkar Effektivlik (Davranış),"2.3 Kommunikasiya, Hesabatlılıq və Etika",2.3.5 Davamlı öyrənmək və analitika yetkinliyini yüksəltmək,2 Analytics Leadership & Professional Effectiveness (Behavioral),"2.3 Communication, Accountability & Ethics",2.3.5 Learn continuously and elevate analytics maturity
209,SAL,1,1.1.1,1 Satışın İdarə Edilməsi – FMCG (Funksional),1.1 Kommersiya Strategiyası və İllik Əməliyyat Planı,1.1.1 Brend/kateqoriya prioritetlərinə uyğun kanal bazlı böyümə strategiyasını formalaşdırmaq,1 Sales Management – FMCG (Functional),1.1 Commercial Strategy & Annual Operating Plan,1.1.1 Build channel-wise growth strategy aligned to brand/category priorities
210,SAL,2,1.1.2,1 Satışın İdarə Edilməsi – FMCG (Funksional),1.1 Kommersiya Strategiyası və İllik Əməliyyat Planı,"1.1.2 Strategiyanı həcm, dəyər və mənfəət hədəfləri olan AOP/rüblük planlara çevirmək",1 Sales Management – FMCG (Functional),1.1 Commercial Strategy & Annual Operating Plan,"1.1.2 Translate strategy into AOP/quarterly plans with volume, value, and profit targets"
211,SAL,3,1.1.3,1 Satışın İdarə Edilməsi – FMCG (Funksional),1.1 Kommersiya Strategiyası və İllik Əməliyyat Planı,"1.1.3 Əhatə dairəsini, distribusiyanın genişləndirilməsini və əsas icra fokus sahələrini müəyyən etmək",1 Sales Management – FMCG (Functional),1.1 Commercial Strategy & Annual Operating Plan,"1.1.3 Define coverage, distribution expansion, and key execution focus areas"
212,SAL,4,1.1.4,1 Satışın İdarə Edilməsi – FMCG (Funksional),1.1 Kommersiya Strategiyası və İllik Əməliyyat Planı,"1.1.4 Planları marketinq təqvimi, S&OP və təchizat məhdudiyyətləri ilə uyğunlaşdırmaq",1 Sales Management – FMCG (Functional),1.1 Commercial Strategy & Annual Operating Plan,"1.1.4 Align plans with marketing calendar, supplyO (S&OP), and supply constraints"
213,SAL,5,1.1.5,1 Satışın İdarə Edilməsi – FMCG (Funksional),1.1 Kommersiya Strategiyası və İllik Əməliyyat Planı,1.1.5 İdarəetmə ritmini (WBR/MBR/QBR) və performans rutinlərini formalaşdırmaq,1 Sales Management – FMCG (Functional),1.1 Commercial Strategy & Annual Operating Plan,1.1.5 Establish governance cadence (WBR/MBR/QBR) and performance routines
214,SAL,6,1.2.1,1 Satışın İdarə Edilməsi – FMCG (Funksional),1.2 Route-to-Market (RTM) və Kanal Arxitekturası,1.2.1 Xidmət xərci və əhatə dairəsini nəzərə alaraq GT/MT/eCom/HoReCa üçün RTM modellərini dizayn etmək,1 Sales Management – FMCG (Functional),1.2 Route-to-Market (RTM) & Channel Architecture,1.2.1 Design RTM models for GT/MT/eCom/HoReCa considering cost-to-serve and reach
215,SAL,7,1.2.2,1 Satışın İdarə Edilməsi – FMCG (Funksional),1.2 Route-to-Market (RTM) və Kanal Arxitekturası,"1.2.2 Kanal rollarını, assortiment qaydalarını və xidmət səviyyəsi razılaşmalarını müəyyən etmək",1 Sales Management – FMCG (Functional),1.2 Route-to-Market (RTM) & Channel Architecture,"1.2.2 Define channel roles, assortment rules, and service level agreements"
216,SAL,8,1.2.3,1 Satışın İdarə Edilməsi – FMCG (Funksional),1.2 Route-to-Market (RTM) və Kanal Arxitekturası,1.2.3 Ziyarət tezliyi standartları ilə ərazi və satış nöqtəsi seqmentasiya modellərini qurmaq,1 Sales Management – FMCG (Functional),1.2 Route-to-Market (RTM) & Channel Architecture,1.2.3 Build territory and outlet segmentation models with call frequency standards
217,SAL,9,1.2.4,1 Satışın İdarə Edilməsi – FMCG (Funksional),1.2 Route-to-Market (RTM) və Kanal Arxitekturası,1.2.4 Məhsuldarlıq benchmark-larından istifadə etməklə distribyutor və birbaşa əhatə qərarlarını optimallaşdırmaq,1 Sales Management – FMCG (Functional),1.2 Route-to-Market (RTM) & Channel Architecture,1.2.4 Optimize distributor vs direct coverage decisions using productivity benchmarks
218,SAL,10,1.2.5,1 Satışın İdarə Edilməsi – FMCG (Funksional),1.2 Route-to-Market (RTM) və Kanal Arxitekturası,"1.2.5 Kanal dəyişiklikləri, inflyasiya və mövcudluq risklərinə əsasən RTM modelini yenidən nəzərdən keçirmək və dizayn etmək",1 Sales Management – FMCG (Functional),1.2 Route-to-Market (RTM) & Channel Architecture,"1.2.5 Review and redesign RTM based on channel shifts, inflation, and availability risks"
219,SAL,11,1.3.1,1 Satışın İdarə Edilməsi – FMCG (Funksional),1.3 Açar Müştərilərin İdarə Edilməsi (Modern Trade),"1.3.1 Hədəfləri, təşəbbüsləri və qarşılıqlı dəyər rıçaqlarını əhatə edən Birgə Biznes Planları hazırlamaq",1 Sales Management – FMCG (Functional),1.3 Key Account Management (Modern Trade),"1.3.1 Develop Joint Business Plans with targets, initiatives, and mutual value levers"
220,SAL,12,1.3.2,1 Satışın İdarə Edilməsi – FMCG (Funksional),1.3 Açar Müştərilərin İdarə Edilməsi (Modern Trade),"1.3.2 Ticarət şərtlərini, listing ödənişlərini, promo mexanikalarını və görünürlük paketlərini müzakirə etmək",1 Sales Management – FMCG (Functional),1.3 Key Account Management (Modern Trade),"1.3.2 Negotiate trade terms, listing fees, promo mechanics, and visibility packages"
221,SAL,13,1.3.3,1 Satışın İdarə Edilməsi – FMCG (Funksional),1.3 Açar Müştərilərin İdarə Edilməsi (Modern Trade),"1.3.3 Assortimenti, planogramları, rəf payını və promo uyğunluğunu ucdan-uca idarə etmək",1 Sales Management – FMCG (Functional),1.3 Key Account Management (Modern Trade),"1.3.3 Manage assortment, planograms, shelf-share, and promo compliance end-to-end"
222,SAL,14,1.3.4,1 Satışın İdarə Edilməsi – FMCG (Funksional),1.3 Açar Müştərilərin İdarə Edilməsi (Modern Trade),"1.3.4 Hesab üzrə mənfəətliliyi izləmək (xalis satış, trade spend, geri qaytarmalar, cərimələr) və optimallaşdırmaq",1 Sales Management – FMCG (Functional),1.3 Key Account Management (Modern Trade),"1.3.4 Track profitability by account (net sales, trade spend, returns, penalties) and optimize"
223,SAL,15,1.3.5,1 Satışın İdarə Edilməsi – FMCG (Funksional),1.3 Açar Müştərilərin İdarə Edilməsi (Modern Trade),"1.3.5 QBR-ləri keçirmək, mübahisələri həll etmək və uzunmüddətli tərəfdaşlıqları və xidmət səviyyələrini qorumaq",1 Sales Management – FMCG (Functional),1.3 Key Account Management (Modern Trade),"1.3.5 Run QBRs, resolve disputes, and protect long-term partnerships and service levels"
224,SAL,16,1.4.1,1 Satışın İdarə Edilməsi – FMCG (Funksional),1.4 General Trade İcrası və Satış Nöqtələrinin İdarə Edilməsi,1.4.1 Ərazi və seqment üzrə numerik və çəkili distribusiyanın genişlənməsini təmin etmək,1 Sales Management – FMCG (Functional),1.4 General Trade Execution & Outlet Management,1.4.1 Drive numeric and weighted distribution expansion by territory and segment
225,SAL,17,1.4.2,1 Satışın İdarə Edilməsi – FMCG (Funksional),1.4 General Trade İcrası və Satış Nöqtələrinin İdarə Edilməsi,"1.4.2 Mövcudluğu (OSA), düzgün assortimenti və replenishment intizamını təmin etmək",1 Sales Management – FMCG (Functional),1.4 General Trade Execution & Outlet Management,"1.4.2 Ensure availability (OSA), correct assortment, and replenishment discipline"
226,SAL,18,1.4.3,1 Satışın İdarə Edilməsi – FMCG (Funksional),1.4 General Trade İcrası və Satış Nöqtələrinin İdarə Edilməsi,"1.4.3 Satış nöqtələrində qiymət intizamını, promo uyğunluğunu və görünürlük standartlarını tətbiq etmək",1 Sales Management – FMCG (Functional),1.4 General Trade Execution & Outlet Management,"1.4.3 Implement pricing discipline, promo compliance, and visibility standards in outlets"
227,SAL,19,1.4.4,1 Satışın İdarə Edilməsi – FMCG (Funksional),1.4 General Trade İcrası və Satış Nöqtələrinin İdarə Edilməsi,"1.4.4 Satış nöqtələrinin etirazlarını, geri qaytarmaları və xidmətin bərpasını sənədləşdirilmiş tədbirlərlə idarə etmək",1 Sales Management – FMCG (Functional),1.4 General Trade Execution & Outlet Management,"1.4.4 Manage outlet objections, returns, and service recovery with documented actions"
228,SAL,20,1.4.5,1 Satışın İdarə Edilməsi – FMCG (Funksional),1.4 General Trade İcrası və Satış Nöqtələrinin İdarə Edilməsi,1.4.5 “Must-win” mağazaları və icra boşluqlarını prioritetləşdirmək üçün satış nöqtəsi səviyyəsində məlumatlardan istifadə etmək,1 Sales Management – FMCG (Functional),1.4 General Trade Execution & Outlet Management,1.4.5 Use outlet-level data to prioritize “must-win” stores and execution gaps
229,SAL,21,1.5.1,1 Satışın İdarə Edilməsi – FMCG (Funksional),1.5 Distribyutor və Üçüncü Tərəf İdarəetməsi,"1.5.1 Aydın performans SLA-ları ilə distribyutorları seçmək, müqavilələndirmək və onboarding prosesini aparmaq",1 Sales Management – FMCG (Functional),1.5 Distributor & Third-Party Management,"1.5.1 Select, contract, and onboard distributors with clear performance SLAs"
230,SAL,22,1.5.2,1 Satışın İdarə Edilməsi – FMCG (Funksional),1.5 Distribyutor və Üçüncü Tərəf İdarəetməsi,"1.5.2 Distribyutor scorecard-larını müəyyən etmək (əhatə dairəsi, OSA, AR, xidmət səviyyəsi, geri qaytarmalar, uyğunluq)",1 Sales Management – FMCG (Functional),1.5 Distributor & Third-Party Management,"1.5.2 Set distributor scorecards (coverage, OSA, AR, service level, returns, compliance)"
231,SAL,23,1.5.3,1 Satışın İdarə Edilməsi – FMCG (Funksional),1.5 Distribyutor və Üçüncü Tərəf İdarəetməsi,"1.5.3 Distribyutor iqtisadiyyatını dayanıqlı şəkildə idarə etmək (marja, təşviqlər, dövriyyə kapitalı)",1 Sales Management – FMCG (Functional),1.5 Distributor & Third-Party Management,"1.5.3 Manage distributor economics (margin, incentives, working capital) sustainably"
232,SAL,24,1.5.4,1 Satışın İdarə Edilməsi – FMCG (Funksional),1.5 Distribyutor və Üçüncü Tərəf İdarəetməsi,"1.5.4 İcra və nəzarətləri audit etmək (qiymət, kredit, stok, promo iddiaları, saxta məhsul riski)",1 Sales Management – FMCG (Functional),1.5 Distributor & Third-Party Management,"1.5.4 Audit execution and controls (pricing, credit, stock, promo claims, counterfeit risk)"
233,SAL,25,1.5.5,1 Satışın İdarə Edilməsi – FMCG (Funksional),1.5 Distribyutor və Üçüncü Tərəf İdarəetməsi,"1.5.5 Kouçinq, alətlər və proseslərin standartlaşdırılması vasitəsilə distribyutor bacarıqlarını inkişaf etdirmək",1 Sales Management – FMCG (Functional),1.5 Distributor & Third-Party Management,"1.5.5 Build distributor capability through coaching, tools, and process standardization"
234,SAL,26,1.6.1,1 Satışın İdarə Edilməsi – FMCG (Funksional),1.6 Trade Spend və Promosiyaların İdarə Edilməsi,1.6.1 Marketinq planı və təchizat hazırlığı ilə əlaqələndirilmiş kanal bazlı promo təqvimini planlamaq,1 Sales Management – FMCG (Functional),1.6 Trade Spend & Promotion Management,1.6.1 Plan promo calendar by channel linked to marketing and supply readiness
235,SAL,27,1.6.2,1 Satışın İdarə Edilməsi – FMCG (Funksional),1.6 Trade Spend və Promosiyaların İdarə Edilməsi,"1.6.2 Aydın məqsədlərlə promo mexanikalarını müəyyən etmək (sınaq, stok yığımı, rotasiya, pay artımı)",1 Sales Management – FMCG (Functional),1.6 Trade Spend & Promotion Management,"1.6.2 Define promo mechanics with clear objectives (trial, stock-up, rotation, share gain)"
236,SAL,28,1.6.3,1 Satışın İdarə Edilməsi – FMCG (Funksional),1.6 Trade Spend və Promosiyaların İdarə Edilməsi,"1.6.3 Promo təsdiqlərini, büdcələri və iddiaları auditə hazır sənədlərlə nəzarətdə saxlamaq",1 Sales Management – FMCG (Functional),1.6 Trade Spend & Promotion Management,"1.6.3 Control promo approvals, budgets, and claims with audit-ready documentation"
237,SAL,29,1.6.4,1 Satışın İdarə Edilməsi – FMCG (Funksional),1.6 Trade Spend və Promosiyaların İdarə Edilməsi,"1.6.4 Baseline, uplift, kannibalizasiya və post-promo enişindən istifadə etməklə promo ROI-ni qiymətləndirmək",1 Sales Management – FMCG (Functional),1.6 Trade Spend & Promotion Management,"1.6.4 Evaluate promo ROI using baseline, uplift, cannibalization, and post-promo dip"
238,SAL,30,1.6.5,1 Satışın İdarə Edilməsi – FMCG (Funksional),1.6 Trade Spend və Promosiyaların İdarə Edilməsi,"1.6.5 Trade spend sızmalarını azaltmaq (off-invoice sui-istifadəsi, dublikatlar, uyğunsuzluq)",1 Sales Management – FMCG (Functional),1.6 Trade Spend & Promotion Management,"1.6.5 Reduce trade spend leakage (off-invoice misuse, duplicates, non-compliance)"
239,SAL,31,1.7.1,1 Satışın İdarə Edilməsi – FMCG (Funksional),1.7 Revenue Growth Management (RGM) və Qiymətləmə,1.7.1 Qiymət-paket arxitekturasını və kanal üzrə qiymət koridorlarını tətbiq etmək,1 Sales Management – FMCG (Functional),1.7 Revenue Growth Management (RGM) & Pricing,1.7.1 Implement price-pack architecture and channel price corridors
240,SAL,32,1.7.2,1 Satışın İdarə Edilməsi – FMCG (Funksional),1.7 Revenue Growth Management (RGM) və Qiymətləmə,"1.7.2 Xalis gəlir rıçaqlarını idarə etmək (miks, qiymət, promo intensivliyi, ticarət şərtləri)",1 Sales Management – FMCG (Functional),1.7 Revenue Growth Management (RGM) & Pricing,"1.7.2 Manage net revenue levers (mix, price, promo intensity, trade terms)"
241,SAL,33,1.7.3,1 Satışın İdarə Edilməsi – FMCG (Funksional),1.7 Revenue Growth Management (RGM) və Qiymətləmə,"1.7.3 Qiymət uyğunluğunu, endirim davranışlarını və marja eroziyası risklərini izləmək",1 Sales Management – FMCG (Functional),1.7 Revenue Growth Management (RGM) & Pricing,"1.7.3 Monitor price compliance, discounting behavior, and margin erosion risks"
242,SAL,34,1.7.4,1 Satışın İdarə Edilməsi – FMCG (Funksional),1.7 Revenue Growth Management (RGM) və Qiymətləmə,1.7.4 Qiymət dəyişikliklərini dəstəkləmək üçün elastiklik və rəqib benchmark təhlilləri aparmaq,1 Sales Management – FMCG (Functional),1.7 Revenue Growth Management (RGM) & Pricing,1.7.4 Run elasticity and competitor benchmarking to support price moves
243,SAL,35,1.7.5,1 Satışın İdarə Edilməsi – FMCG (Funksional),1.7 Revenue Growth Management (RGM) və Qiymətləmə,1.7.5 Mənfəətliliyi və ədalətliliyi qorumaq üçün istisnaları və təsdiqləri idarə etmək,1 Sales Management – FMCG (Functional),1.7 Revenue Growth Management (RGM) & Pricing,1.7.5 Govern exceptions and approvals to protect profitability and fairness
244,SAL,36,1.8.1,1 Satışın İdarə Edilməsi – FMCG (Funksional),"1.8 Proqnozlaşdırma, S&OP Girişi və Mövcudluğun İdarə Edilməsi",1.8.1 Sell-out məlumatları və sahə məlumatlarına əsasən kanal/SKU üzrə bottom-up proqnozlar qurmaq,1 Sales Management – FMCG (Functional),"1.8 Forecasting, S&OP Input & Availability Management",1.8.1 Build bottom-up forecasts by channel/SKU using sell-out and field intelligence
245,SAL,37,1.8.2,1 Satışın İdarə Edilməsi – FMCG (Funksional),"1.8 Proqnozlaşdırma, S&OP Girişi və Mövcudluğun İdarə Edilməsi","1.8.2 Tələbat risklərini müəyyən etmək (promo sıçrayışları, mövsümsəllik, rəqabət) və azaldıcı tədbirlər təklif etmək",1 Sales Management – FMCG (Functional),"1.8 Forecasting, S&OP Input & Availability Management","1.8.2 Identify demand risks (promo spikes, seasonality, competition) and propose mitigations"
246,SAL,38,1.8.3,1 Satışın İdarə Edilməsi – FMCG (Funksional),"1.8 Proqnozlaşdırma, S&OP Girişi və Mövcudluğun İdarə Edilməsi","1.8.3 Proqnoz dəqiqliyini və qərəzliliyini izləmək, düzəldici tədbirlər həyata keçirmək",1 Sales Management – FMCG (Functional),"1.8 Forecasting, S&OP Input & Availability Management",1.8.3 Track forecast accuracy and bias; implement corrective actions
247,SAL,39,1.8.4,1 Satışın İdarə Edilməsi – FMCG (Funksional),"1.8 Proqnozlaşdırma, S&OP Girişi və Mövcudluğun İdarə Edilməsi",1.8.4 Məhdudiyyətlər şəraitində strateji kanalları və SKU-ları qorumaq üçün bölgü qərarlarını idarə etmək,1 Sales Management – FMCG (Functional),"1.8 Forecasting, S&OP Input & Availability Management",1.8.4 Manage allocation decisions under constraints to protect strategic channels and SKUs
248,SAL,40,1.8.5,1 Satışın İdarə Edilməsi – FMCG (Funksional),"1.8 Proqnozlaşdırma, S&OP Girişi və Mövcudluğun İdarə Edilməsi",1.8.5 Xroniki OOS və xidmət nasazlıqları üçün funksiyalararası həll prosesinə rəhbərlik etmək,1 Sales Management – FMCG (Functional),"1.8 Forecasting, S&OP Input & Availability Management",1.8.5 Lead cross-functional resolution for chronic OOS and service failures
249,SAL,41,1.9.1,1 Satışın İdarə Edilməsi – FMCG (Funksional),"1.9 Merchandising, Görünürlük və Perfect Store İcrası","1.9.1 Perfect store standartlarını müəyyən etmək (assortiment, yerləşdirmə, qiymət, POSM, əlavə sərgiləmə)",1 Sales Management – FMCG (Functional),"1.9 Merchandising, Visibility & Perfect Store Execution","1.9.1 Define perfect store standards (assortment, placement, pricing, POSM, secondary display)"
250,SAL,42,1.9.2,1 Satışın İdarə Edilməsi – FMCG (Funksional),"1.9 Merchandising, Görünürlük və Perfect Store İcrası","1.9.2 POSM həyat dövrünü idarə etmək (planlama, yerləşdirmə, texniki baxım, uyğunluq yoxlamaları)",1 Sales Management – FMCG (Functional),"1.9 Merchandising, Visibility & Perfect Store Execution","1.9.2 Manage POSM lifecycle (planning, deployment, maintenance, compliance checks)"
251,SAL,43,1.9.3,1 Satışın İdarə Edilməsi – FMCG (Funksional),"1.9 Merchandising, Görünürlük və Perfect Store İcrası",1.9.3 Auditlər/fotolar/tətbiqlər vasitəsilə icranı izləmək və boşluqları aydın tədbirlərlə bağlamaq,1 Sales Management – FMCG (Functional),"1.9 Merchandising, Visibility & Perfect Store Execution",1.9.3 Run execution tracking via audits/photos/apps and close gaps with clear actions
252,SAL,44,1.9.4,1 Satışın İdarə Edilməsi – FMCG (Funksional),"1.9 Merchandising, Görünürlük və Perfect Store İcrası","1.9.4 Aktivləşdirmələr, planogramlar və retailer tələbləri üzrə trade marketing ilə koordinasiya etmək",1 Sales Management – FMCG (Functional),"1.9 Merchandising, Visibility & Perfect Store Execution","1.9.4 Coordinate with trade marketing on activations, planograms, and retailer requirements"
253,SAL,45,1.9.5,1 Satışın İdarə Edilməsi – FMCG (Funksional),"1.9 Merchandising, Görünürlük və Perfect Store İcrası","1.9.5 İcranın satışa təsirini ölçmək (OSA, rəf payı, display ROI)",1 Sales Management – FMCG (Functional),"1.9 Merchandising, Visibility & Perfect Store Execution","1.9.5 Quantify execution impact on sales (OSA, share of shelf, display ROI)"
254,SAL,46,1.10.1,1 Satışın İdarə Edilməsi – FMCG (Funksional),"1.10 Satış Bacarıqları, Təşviqlər və Performansın İdarə Edilməsi","1.10.1 Rol əsaslı bacarıq standartlarını və sahə playbook-larını müəyyən etmək (skriptlər, etirazlar, rutinlər)",1 Sales Management – FMCG (Functional),"1.10 Sales Capability, Incentives & Performance Management","1.10.1 Define role-based capability standards and field playbooks (scripts, objections, routines)"
255,SAL,47,1.10.2,1 Satışın İdarə Edilməsi – FMCG (Funksional),"1.10 Satış Bacarıqları, Təşviqlər və Performansın İdarə Edilməsi","1.10.2 Menecerlərə sahə effektivliyi üzrə kouçinq vermək (birgə sahə səfərləri, geribildirim, pipeline intizamı)",1 Sales Management – FMCG (Functional),"1.10 Sales Capability, Incentives & Performance Management","1.10.2 Coach managers on field effectiveness (ride-alongs, feedback, pipeline discipline)"
256,SAL,48,1.10.3,1 Satışın İdarə Edilməsi – FMCG (Funksional),"1.10 Satış Bacarıqları, Təşviqlər və Performansın İdarə Edilməsi","1.10.3 Strategiyaya uyğun təşviq sxemləri hazırlamaq (ND, OSA, fokus SKU-lar, yığımlar, uyğunluq)",1 Sales Management – FMCG (Functional),"1.10 Sales Capability, Incentives & Performance Management","1.10.3 Design incentive schemes aligned to strategy (ND, OSA, focus SKUs, collections, compliance)"
257,SAL,49,1.10.4,1 Satışın İdarə Edilməsi – FMCG (Funksional),"1.10 Satış Bacarıqları, Təşviqlər və Performansın İdarə Edilməsi","1.10.4 Performans icmallarını, kalibrasiyaları və düzəldici performans planlarını idarə etmək",1 Sales Management – FMCG (Functional),"1.10 Sales Capability, Incentives & Performance Management","1.10.4 Run performance reviews, calibrations, and corrective performance plans"
258,SAL,50,1.10.5,1 Satışın İdarə Edilməsi – FMCG (Funksional),"1.10 Satış Bacarıqları, Təşviqlər və Performansın İdarə Edilməsi",1.10.5 Kritik satış rolları üçün varislik planını və ehtiyat kadr gücünü formalaşdırmaq,1 Sales Management – FMCG (Functional),"1.10 Sales Capability, Incentives & Performance Management",1.10.5 Build succession and bench strength for critical sales roles
259,SAL,51,1.11.1,1 Satışın İdarə Edilməsi – FMCG (Funksional),"1.11 Satış Əməliyyatları, CRM və Rəqəmsal Enablement","1.11.1 CRM/SFA intizamını tətbiq etmək (zəng planları, görüş nəticələri, pipeline, fəaliyyətlər)",1 Sales Management – FMCG (Functional),"1.11 Sales Operations, CRM & Digital Enablement","1.11.1 Implement CRM/SFA discipline (call plans, visit outcomes, pipeline, actions)"
260,SAL,52,1.11.2,1 Satışın İdarə Edilməsi – FMCG (Funksional),"1.11 Satış Əməliyyatları, CRM və Rəqəmsal Enablement","1.11.2 Master data keyfiyyətini təmin etmək (satış nöqtələri, qiymətlər, şərtlər, marşrutlar, iyerarxiyalar)",1 Sales Management – FMCG (Functional),"1.11 Sales Operations, CRM & Digital Enablement","1.11.2 Ensure master data quality (outlets, pricing, terms, routes, hierarchies)"
261,SAL,53,1.11.3,1 Satışın İdarə Edilməsi – FMCG (Funksional),"1.11 Satış Əməliyyatları, CRM və Rəqəmsal Enablement","1.11.3 İcra, distribusiya, mövcudluq və trade spend nəzarəti üçün dashboard-lar qurmaq",1 Sales Management – FMCG (Functional),"1.11 Sales Operations, CRM & Digital Enablement","1.11.3 Build dashboards for execution, distribution, availability, and trade spend control"
262,SAL,54,1.11.4,1 Satışın İdarə Edilməsi – FMCG (Funksional),"1.11 Satış Əməliyyatları, CRM və Rəqəmsal Enablement",1.11.4 Standart proseslər vasitəsilə hesabatlılığı avtomatlaşdırmaq və “kölgə sistemləri” azaltmaq,1 Sales Management – FMCG (Functional),"1.11 Sales Operations, CRM & Digital Enablement",1.11.4 Automate reporting and reduce “shadow systems” through standard processes
263,SAL,55,1.11.5,1 Satışın İdarə Edilməsi – FMCG (Funksional),"1.11 Satış Əməliyyatları, CRM və Rəqəmsal Enablement","1.11.5 Təlim, uyğunluq monitorinqi və istifadəçi geribildirim dövrləri vasitəsilə istifadəni artırmaq",1 Sales Management – FMCG (Functional),"1.11 Sales Operations, CRM & Digital Enablement","1.11.5 Drive adoption through training, compliance monitoring, and user feedback loops"
264,SAL,56,1.12.1,1 Satışın İdarə Edilməsi – FMCG (Funksional),"1.12 Kredit Riski, Yığımlar və Kommersiya Nəzarətləri",1.12.1 Müştəri/distribyutor risk profilinə görə kredit siyasətlərini və limitlərini müəyyən etmək,1 Sales Management – FMCG (Functional),"1.12 Credit Risk, Collections & Commercial Controls",1.12.1 Set credit policies and limits by customer/distributor risk profile
265,SAL,57,1.12.2,1 Satışın İdarə Edilməsi – FMCG (Funksional),"1.12 Kredit Riski, Yığımlar və Kommersiya Nəzarətləri","1.12.2 AR aging-i və gecikmiş borc riskini izləmək, intizamlı geri yığım tədbirləri görmək",1 Sales Management – FMCG (Functional),"1.12 Credit Risk, Collections & Commercial Controls","1.12.2 Monitor AR aging, overdue risk, and take disciplined recovery actions"
266,SAL,58,1.12.3,1 Satışın İdarə Edilməsi – FMCG (Funksional),"1.12 Kredit Riski, Yığımlar və Kommersiya Nəzarətləri","1.12.3 Geri qaytarmaları, iddiaları və tutulmaları kök səbəb təhlili və önləyici tədbirlərlə idarə etmək",1 Sales Management – FMCG (Functional),"1.12 Credit Risk, Collections & Commercial Controls","1.12.3 Manage returns, claims, and deductions with root-cause and prevention"
267,SAL,59,1.12.4,1 Satışın İdarə Edilməsi – FMCG (Funksional),"1.12 Kredit Riski, Yığımlar və Kommersiya Nəzarətləri","1.12.4 Müqavilə idarəetməsini, təsdiqləri və audit hazırlığını qoruyub saxlamaq",1 Sales Management – FMCG (Functional),"1.12 Credit Risk, Collections & Commercial Controls","1.12.4 Maintain contract governance, approvals, and audit readiness"
268,SAL,60,1.12.5,1 Satışın İdarə Edilməsi – FMCG (Funksional),"1.12 Kredit Riski, Yığımlar və Kommersiya Nəzarətləri","1.12.5 Nəzarətlər, vəzifələrin ayrılması və yoxlamalar vasitəsilə dələduzluq və sızmaların qarşısını almaq",1 Sales Management – FMCG (Functional),"1.12 Credit Risk, Collections & Commercial Controls","1.12.5 Prevent fraud and leakage through controls, segregation of duties, and checks"
269,SAL,61,2.1.1,2 Liderlik və Kommersiya Effektivliyi (Davranış),2.1 Strateji Düşüncə və Kommersiya Düşüncəsi,2.1.1 Sahədəki reallıqları kateqoriya strategiyası və mənfəət nəticələri ilə əlaqələndirmək,2 Leadership & Commercial Effectiveness (Behavioral),2.1 Strategic Thinking & Commercial Acumen,2.1.1 Connect field realities to category strategy and profit delivery
270,SAL,62,2.1.2,2 Liderlik və Kommersiya Effektivliyi (Davranış),2.1 Strateji Düşüncə və Kommersiya Düşüncəsi,"2.1.2 Xidmət xərci, marja və böyümə rıçaqlarından istifadə etməklə kompromislər qurmaq",2 Leadership & Commercial Effectiveness (Behavioral),2.1 Strategic Thinking & Commercial Acumen,"2.1.2 Make trade-offs using cost-to-serve, margin, and growth levers"
271,SAL,63,2.1.3,2 Liderlik və Kommersiya Effektivliyi (Davranış),2.1 Strateji Düşüncə və Kommersiya Düşüncəsi,2.1.3 Bazar pozuntularını qabaqcadan görmək və alternativ cavab planları hazırlamaq,2 Leadership & Commercial Effectiveness (Behavioral),2.1 Strategic Thinking & Commercial Acumen,2.1.3 Anticipate market disruptions and build contingency responses
272,SAL,64,2.1.4,2 Liderlik və Kommersiya Effektivliyi (Davranış),2.1 Strateji Düşüncə və Kommersiya Düşüncəsi,2.1.4 Az sayda böyük prioriteti önə çəkmək və aşağı dəyərli fəaliyyətləri dayandırmaq,2 Leadership & Commercial Effectiveness (Behavioral),2.1 Strategic Thinking & Commercial Acumen,2.1.4 Prioritize the “few big bets” and stop low-value activities
273,SAL,65,2.1.5,2 Liderlik və Kommersiya Effektivliyi (Davranış),2.1 Strateji Düşüncə və Kommersiya Düşüncəsi,"2.1.5 Qərarları hekayələrə deyil, faktlara əsaslandırmaq və fərziyyələri aydın sənədləşdirmək",2 Leadership & Commercial Effectiveness (Behavioral),2.1 Strategic Thinking & Commercial Acumen,"2.1.5 Drive decisions with facts, not anecdotes, and document assumptions clearly"
274,SAL,66,2.2.1,2 Liderlik və Kommersiya Effektivliyi (Davranış),2.2 Müştəriyönümlülük və Münasibətlərin Qurulması,2.2.1 Kanal üzrə müştəri iqtisadiyyatını və qərarvermə amillərini anlamaq,2 Leadership & Commercial Effectiveness (Behavioral),2.2 Customer Centricity & Relationship Building,2.2.1 Understand customer economics and decision drivers by channel
275,SAL,67,2.2.2,2 Liderlik və Kommersiya Effektivliyi (Davranış),2.2 Müştəriyönümlülük və Münasibətlərin Qurulması,"2.2.2 Etibarlılıq, şəffaflıq və dəyər yaratmaqla inam qurmaq",2 Leadership & Commercial Effectiveness (Behavioral),2.2 Customer Centricity & Relationship Building,"2.2.2 Build trust through reliability, transparency, and value creation"
276,SAL,68,2.2.3,2 Liderlik və Kommersiya Effektivliyi (Davranış),2.2 Müştəriyönümlülük və Münasibətlərin Qurulması,2.2.3 Uzunmüddətli tərəfdaşlıqlara zərər vermədən münaqişələri və danışıqları idarə etmək,2 Leadership & Commercial Effectiveness (Behavioral),2.2 Customer Centricity & Relationship Building,2.2.3 Manage conflict and negotiations without damaging long-term partnerships
277,SAL,69,2.2.4,2 Liderlik və Kommersiya Effektivliyi (Davranış),2.2 Müştəriyönümlülük və Münasibətlərin Qurulması,2.2.4 Müştəri ehtiyaclarına uyğunlaşmaqla yanaşı brendi və icra standartlarını qorumaq,2 Leadership & Commercial Effectiveness (Behavioral),2.2 Customer Centricity & Relationship Building,2.2.4 Protect brand and execution standards while adapting to customer needs
278,SAL,70,2.2.5,2 Liderlik və Kommersiya Effektivliyi (Davranış),2.2 Müştəriyönümlülük və Münasibətlərin Qurulması,2.2.5 Öhdəliklər və fəaliyyət jurnalları üzrə intizamlı izləmə aparmaq,2 Leadership & Commercial Effectiveness (Behavioral),2.2 Customer Centricity & Relationship Building,2.2.5 Maintain disciplined follow-through on commitments and action logs
279,SAL,71,2.3.1,2 Liderlik və Kommersiya Effektivliyi (Davranış),2.3 İnsan Liderliyi və Kouçinq,"2.3.1 İcra üçün aydın istiqamət, standartlar və güzəştə gedilməyən tələblər müəyyən etmək",2 Leadership & Commercial Effectiveness (Behavioral),2.3 People Leadership & Coaching,"2.3.1 Set clear direction, standards, and non-negotiables for execution"
280,SAL,72,2.3.2,2 Liderlik və Kommersiya Effektivliyi (Davranış),2.3 İnsan Liderliyi və Kouçinq,2.3.2 Müşahidə (birgə sahə səfərləri) və konkret performans geribildirimi ilə kouçinq vermək,2 Leadership & Commercial Effectiveness (Behavioral),2.3 People Leadership & Coaching,2.3.2 Coach through observation (ride-alongs) and specific performance feedback
281,SAL,73,2.3.3,2 Liderlik və Kommersiya Effektivliyi (Davranış),2.3 İnsan Liderliyi və Kouçinq,2.3.3 Müxtəlif satış rolları üçün bacarıq planları və öyrənmə yolları hazırlamaq,2 Leadership & Commercial Effectiveness (Behavioral),2.3 People Leadership & Coaching,2.3.3 Develop capability plans and learning paths for different sales roles
282,SAL,74,2.3.4,2 Liderlik və Kommersiya Effektivliyi (Davranış),2.3 İnsan Liderliyi və Kouçinq,"2.3.4 Hesabatlılıq, tanınma və intizamlı rutinlər mədəniyyəti qurmaq",2 Leadership & Commercial Effectiveness (Behavioral),2.3 People Leadership & Coaching,"2.3.4 Build a culture of accountability, recognition, and disciplined routines"
283,SAL,75,2.3.5,2 Liderlik və Kommersiya Effektivliyi (Davranış),2.3 İnsan Liderliyi və Kouçinq,2.3.5 Aşağı performansı ədalətli və sənədləşdirilmiş tədbirlərlə çevik idarə etmək,2 Leadership & Commercial Effectiveness (Behavioral),2.3 People Leadership & Coaching,2.3.5 Manage underperformance promptly with fair and documented actions
284,SAL,76,2.4.1,2 Liderlik və Kommersiya Effektivliyi (Davranış),"2.4 Təsir, Kommunikasiya və Funksiyalararası Liderlik","2.4.1 Marketinq, maliyyə və təchizat zəncirini ortaq kommersiya nəticələri ətrafında uyğunlaşdırmaq",2 Leadership & Commercial Effectiveness (Behavioral),"2.4 Influence, Communication & Cross-Functional Leadership","2.4.1 Align marketing, finance, and supply chain around shared commercial outcomes"
285,SAL,77,2.4.2,2 Liderlik və Kommersiya Effektivliyi (Davranış),"2.4 Təsir, Kommunikasiya və Funksiyalararası Liderlik","2.4.2 Qiymətləmə, promolar və investisiyalar üçün aydın biznes əsaslandırmaları təqdim etmək",2 Leadership & Commercial Effectiveness (Behavioral),"2.4 Influence, Communication & Cross-Functional Leadership","2.4.2 Present clear business cases for pricing, promos, and investments"
286,SAL,78,2.4.3,2 Liderlik və Kommersiya Effektivliyi (Davranış),"2.4 Təsir, Kommunikasiya və Funksiyalararası Liderlik","2.4.3 Riskləri erkən mərhələdə variantlar, kompromislər və tövsiyə olunan qərarlarla eskalasiya etmək",2 Leadership & Commercial Effectiveness (Behavioral),"2.4 Influence, Communication & Cross-Functional Leadership","2.4.3 Escalate risks early with options, trade-offs, and recommended decisions"
287,SAL,79,2.4.4,2 Liderlik və Kommersiya Effektivliyi (Davranış),"2.4 Təsir, Kommunikasiya və Funksiyalararası Liderlik",2.4.4 Prioritetləri sahə strukturlarının bütün səviyyələrində sadə və ardıcıl şəkildə çatdırmaq,2 Leadership & Commercial Effectiveness (Behavioral),"2.4 Influence, Communication & Cross-Functional Leadership",2.4.4 Communicate priorities simply and consistently across field layers
288,SAL,80,2.4.5,2 Liderlik və Kommersiya Effektivliyi (Davranış),"2.4 Təsir, Kommunikasiya və Funksiyalararası Liderlik",2.4.5 Proqnozlaşdırıla bilənlik və məlumat bütövlüyü ilə stakeholder inamı qurmaq,2 Leadership & Commercial Effectiveness (Behavioral),"2.4 Influence, Communication & Cross-Functional Leadership",2.4.5 Build stakeholder trust through predictability and data integrity
289,SAL,81,2.5.1,2 Liderlik və Kommersiya Effektivliyi (Davranış),"2.5 Hesabatlılıq, Dürüstlük və İcra İntizamı",2.5.1 Nəticələrə ucdan-uca sahib çıxmaq və nəticələr əldə olunana qədər dövrələri bağlamaq,2 Leadership & Commercial Effectiveness (Behavioral),"2.5 Accountability, Integrity & Execution Discipline",2.5.1 Own results end-to-end and close loops until outcomes are delivered
290,SAL,82,2.5.2,2 Liderlik və Kommersiya Effektivliyi (Davranış),"2.5 Hesabatlılıq, Dürüstlük və İcra İntizamı","2.5.2 Endirimlər, iddialar və müqavilələrdə uyğunluq və etik standartlara riayət etmək",2 Leadership & Commercial Effectiveness (Behavioral),"2.5 Accountability, Integrity & Execution Discipline","2.5.2 Uphold compliance and ethical standards in discounts, claims, and contracts"
291,SAL,83,2.5.3,2 Liderlik və Kommersiya Effektivliyi (Davranış),"2.5 Hesabatlılıq, Dürüstlük və İcra İntizamı","2.5.3 Rutinlərdə, hesabatlılıqda və standartlarda əməliyyat intizamını qorumaq",2 Leadership & Commercial Effectiveness (Behavioral),"2.5 Accountability, Integrity & Execution Discipline","2.5.3 Maintain operational discipline in routines, reporting, and standards"
292,SAL,84,2.5.4,2 Liderlik və Kommersiya Effektivliyi (Davranış),"2.5 Hesabatlılıq, Dürüstlük və İcra İntizamı",2.5.4 Uğursuzluqlardan kök səbəb və önləyici tədbirlər vasitəsilə öyrənmək,2 Leadership & Commercial Effectiveness (Behavioral),"2.5 Accountability, Integrity & Execution Discipline",2.5.4 Learn from misses through root-cause and preventive actions
293,SAL,85,2.5.5,2 Liderlik və Kommersiya Effektivliyi (Davranış),"2.5 Hesabatlılıq, Dürüstlük və İcra İntizamı",2.5.5 Təzyiq altında dayanıqlılığı qorumaq və komandaların idarə oluna bilən amillərə fokusunu saxlamaq,2 Leadership & Commercial Effectiveness (Behavioral),"2.5 Accountability, Integrity & Execution Discipline",2.5.5 Stay resilient under pressure and keep teams focused on controllables
294,MKT,1,1.1.1,1 Marketinq və Brendin İdarə Edilməsi (Funksional),1.1 Brend Strategiyası və Mövqeləndirmə,"1.1.1 Korporativ strategiyaya uyğun aydın brend məqsədini, vizyonunu və dəyər təklifini müəyyən etmək",1 Marketing & Brand Management (Functional),1.1 Brand Strategy & Positioning,"1.1.1 Define clear brand purpose, vision, and value proposition aligned to corporate strategy"
295,MKT,2,1.1.2,1 Marketinq və Brendin İdarə Edilməsi (Funksional),1.1 Brend Strategiyası və Mövqeləndirmə,1.1.2 Portfellər və alt-brendlər üzrə brend arxitekturasını hazırlamaq və davamlı saxlamaq,1 Marketing & Brand Management (Functional),1.1 Brand Strategy & Positioning,1.1.2 Develop and maintain brand architecture across portfolios and sub-brands
296,MKT,3,1.1.3,1 Marketinq və Brendin İdarə Edilməsi (Funksional),1.1 Brend Strategiyası və Mövqeləndirmə,1.1.3 İstehlakçı insaytlarını fərqləndirilmiş brend mövqeləndirməsinə çevirmək,1 Marketing & Brand Management (Functional),1.1 Brand Strategy & Positioning,1.1.3 Translate consumer insights into differentiated brand positioning
297,MKT,4,1.1.4,1 Marketinq və Brendin İdarə Edilməsi (Funksional),1.1 Brend Strategiyası və Mövqeləndirmə,1.1.4 Bütün təmas nöqtələri və kanallar üzrə brend ardıcıllığını təmin etmək,1 Marketing & Brand Management (Functional),1.1 Brand Strategy & Positioning,1.1.4 Ensure brand consistency across all touchpoints and channels
298,MKT,5,1.2.1,1 Marketinq və Brendin İdarə Edilməsi (Funksional),1.2 Bazar və İstehlakçı İnsaytı,1.2.1 Keyfiyyət və kəmiyyət əsaslı istehlakçı araşdırmalarını dizayn etmək və şərh etmək,1 Marketing & Brand Management (Functional),1.2 Market & Consumer Insight,1.2.1 Design and interpret qualitative and quantitative consumer research
299,MKT,6,1.2.2,1 Marketinq və Brendin İdarə Edilməsi (Funksional),1.2 Bazar və İstehlakçı İnsaytı,"1.2.2 Bazar trendlərini, kateqoriya dinamikasını və rəqabət mühitini təhlil etmək",1 Marketing & Brand Management (Functional),1.2 Market & Consumer Insight,"1.2.2 Analyze market trends, category dynamics, and competitive landscapes"
300,MKT,7,1.2.3,1 Marketinq və Brendin İdarə Edilməsi (Funksional),1.2 Bazar və İstehlakçı İnsaytı,1.2.3 Məlumatları icra oluna bilən istehlakçı və shopper insaytlarına çevirmək,1 Marketing & Brand Management (Functional),1.2 Market & Consumer Insight,1.2.3 Translate data into actionable consumer and shopper insights
301,MKT,8,1.2.4,1 Marketinq və Brendin İdarə Edilməsi (Funksional),1.2 Bazar və İstehlakçı İnsaytı,"1.2.4 Testlər, pilotlar və kampaniyadan sonrakı təhlillər vasitəsilə insaytları təsdiqləmək",1 Marketing & Brand Management (Functional),1.2 Market & Consumer Insight,"1.2.4 Validate insights through testing, pilots, and post-campaign analysis"
302,MKT,9,1.3.1,1 Marketinq və Brendin İdarə Edilməsi (Funksional),1.3 Marketinq Strategiyası və Planlama,1.3.1 İnteqrasiya olunmuş illik və uzunmüddətli marketinq strategiyaları hazırlamaq,1 Marketing & Brand Management (Functional),1.3 Marketing Strategy & Planning,1.3.1 Develop integrated annual and long-term marketing strategies
303,MKT,10,1.3.2,1 Marketinq və Brendin İdarə Edilməsi (Funksional),1.3 Marketinq Strategiyası və Planlama,"1.3.2 Aydın məqsədləri, KPI-ları və uğur göstəricilərini müəyyən etmək",1 Marketing & Brand Management (Functional),1.3 Marketing Strategy & Planning,"1.3.2 Define clear objectives, KPIs, and success metrics"
304,MKT,11,1.3.3,1 Marketinq və Brendin İdarə Edilməsi (Funksional),1.3 Marketinq Strategiyası və Planlama,1.3.3 Büdcələri ROI və strateji prioritetlər əsasında bölüşdürmək,1 Marketing & Brand Management (Functional),1.3 Marketing Strategy & Planning,1.3.3 Allocate budgets based on ROI and strategic priorities
305,MKT,12,1.3.4,1 Marketinq və Brendin İdarə Edilməsi (Funksional),1.3 Marketinq Strategiyası və Planlama,"1.3.4 Marketinq planlarını satış, təchizat zənciri və maliyyə ilə uyğunlaşdırmaq",1 Marketing & Brand Management (Functional),1.3 Marketing Strategy & Planning,"1.3.4 Align marketing plans with sales, supply chain, and finance"
306,MKT,13,1.4.1,1 Marketinq və Brendin İdarə Edilməsi (Funksional),1.4 Kampaniya Strategiyası və İcra,"1.4.1 İnteqrə olunmuş ATL, BTL və rəqəmsal kampaniya konseptlərini hazırlamaq",1 Marketing & Brand Management (Functional),1.4 Campaign Strategy & Execution,"1.4.1 Design integrated ATL, BTL, and digital campaign concepts"
307,MKT,14,1.4.2,1 Marketinq və Brendin İdarə Edilməsi (Funksional),1.4 Kampaniya Strategiyası və İcra,1.4.2 Yaradıcılıq keyfiyyətini təmin etmək üçün agentlikləri və tərəfdaşları idarə etmək,1 Marketing & Brand Management (Functional),1.4 Campaign Strategy & Execution,1.4.2 Manage agencies and partners to deliver creative excellence
308,MKT,15,1.4.3,1 Marketinq və Brendin İdarə Edilməsi (Funksional),1.4 Kampaniya Strategiyası və İcra,"1.4.3 Kampaniyaları vaxtında, skopa uyğun və büdcə çərçivəsində icra etmək",1 Marketing & Brand Management (Functional),1.4 Campaign Strategy & Execution,"1.4.3 Execute campaigns on time, within scope, and budget"
309,MKT,16,1.4.4,1 Marketinq və Brendin İdarə Edilməsi (Funksional),1.4 Kampaniya Strategiyası və İcra,1.4.4 Performansı izləmək və kampaniyaları gedişat zamanı optimallaşdırmaq,1 Marketing & Brand Management (Functional),1.4 Campaign Strategy & Execution,1.4.4 Monitor performance and optimize campaigns in-flight
310,MKT,17,1.5.1,1 Marketinq və Brendin İdarə Edilməsi (Funksional),1.5 Rəqəmsal və Performans Marketinqi,1.5.1 Kanal-spesifik rəqəmsal marketinq strategiyaları hazırlamaq,1 Marketing & Brand Management (Functional),1.5 Digital & Performance Marketing,1.5.1 Develop channel-specific digital marketing strategies
311,MKT,18,1.5.2,1 Marketinq və Brendin İdarə Edilməsi (Funksional),1.5 Rəqəmsal və Performans Marketinqi,"1.5.2 Ödənişli media, SEO, SEM və sosial media performansını idarə etmək",1 Marketing & Brand Management (Functional),1.5 Digital & Performance Marketing,"1.5.2 Manage paid media, SEO, SEM, and social performance"
312,MKT,19,1.5.3,1 Marketinq və Brendin İdarə Edilməsi (Funksional),1.5 Rəqəmsal və Performans Marketinqi,1.5.3 Konversiya funnel-lərini və müştəri səyahətlərini optimallaşdırmaq,1 Marketing & Brand Management (Functional),1.5 Digital & Performance Marketing,1.5.3 Optimize conversion funnels and customer journeys
313,MKT,20,1.5.4,1 Marketinq və Brendin İdarə Edilməsi (Funksional),1.5 Rəqəmsal və Performans Marketinqi,1.5.4 ROI-ni izləmək və yaxşılaşdırmaq üçün analitika dashboard-larından istifadə etmək,1 Marketing & Brand Management (Functional),1.5 Digital & Performance Marketing,1.5.4 Use analytics dashboards to track and improve ROI
314,MKT,21,1.6.1,1 Marketinq və Brendin İdarə Edilməsi (Funksional),1.6 Kontent və Kommunikasiya İdarəetməsi,1.6.1 Brend tonuna və məqsədlərə uyğun kontent strategiyaları hazırlamaq,1 Marketing & Brand Management (Functional),1.6 Content & Communication Management,1.6.1 Develop content strategies aligned to brand tone and objectives
315,MKT,22,1.6.2,1 Marketinq və Brendin İdarə Edilməsi (Funksional),1.6 Kontent və Kommunikasiya İdarəetməsi,1.6.2 Cəlbedici və hədəf auditoriyaya uyğun kontentin yaradılmasına nəzarət etmək,1 Marketing & Brand Management (Functional),1.6 Content & Communication Management,"1.6.2 Oversee creation of compelling, audience-relevant content"
316,MKT,23,1.6.3,1 Marketinq və Brendin İdarə Edilməsi (Funksional),1.6 Kontent və Kommunikasiya İdarəetməsi,"1.6.3 Hüquqi, tənzimləyici və brend qaydalarına uyğunluğu təmin etmək",1 Marketing & Brand Management (Functional),1.6 Content & Communication Management,"1.6.3 Ensure compliance with legal, regulatory, and brand guidelines"
317,MKT,24,1.6.4,1 Marketinq və Brendin İdarə Edilməsi (Funksional),1.6 Kontent və Kommunikasiya İdarəetməsi,1.6.4 Daxili və xarici kommunikasiya təqvimlərini idarə etmək,1 Marketing & Brand Management (Functional),1.6 Content & Communication Management,1.6.4 Manage internal and external communication calendars
318,MKT,25,1.7.1,1 Marketinq və Brendin İdarə Edilməsi (Funksional),1.7 Məhsul və Portfel Marketinqi,1.7.1 Yeni və mövcud məhsullar üçün bazara çıxış strategiyalarını müəyyən etmək,1 Marketing & Brand Management (Functional),1.7 Product & Portfolio Marketing,1.7.1 Define go-to-market strategies for new and existing products
319,MKT,26,1.7.2,1 Marketinq və Brendin İdarə Edilməsi (Funksional),1.7 Məhsul və Portfel Marketinqi,1.7.2 Məhsulun həyat dövrünü lansmandan dayandırılma mərhələsinədək idarə etmək,1 Marketing & Brand Management (Functional),1.7 Product & Portfolio Marketing,1.7.2 Manage product lifecycles from launch to phase-out
320,MKT,27,1.7.3,1 Marketinq və Brendin İdarə Edilməsi (Funksional),1.7 Məhsul və Portfel Marketinqi,1.7.3 Funksiyalararası lansman hazırlığını koordinasiya etmək,1 Marketing & Brand Management (Functional),1.7 Product & Portfolio Marketing,1.7.3 Coordinate cross-functional launch readiness
321,MKT,28,1.7.4,1 Marketinq və Brendin İdarə Edilməsi (Funksional),1.7 Məhsul və Portfel Marketinqi,1.7.4 Məhsul performansını izləmək və optimallaşdırma tövsiyələri vermək,1 Marketing & Brand Management (Functional),1.7 Product & Portfolio Marketing,1.7.4 Monitor product performance and recommend optimizations
322,MKT,29,1.8.1,1 Marketinq və Brendin İdarə Edilməsi (Funksional),1.8 Trade və Shopper Marketinqi,1.8.1 Shopper mərkəzli aktivasiya strategiyaları hazırlamaq,1 Marketing & Brand Management (Functional),1.8 Trade & Shopper Marketing,1.8.1 Develop shopper-centric activation strategies
323,MKT,30,1.8.2,1 Marketinq və Brendin İdarə Edilməsi (Funksional),1.8 Trade və Shopper Marketinqi,1.8.2 Mağazadaxili və kanal-spesifik promosiyalar dizayn etmək,1 Marketing & Brand Management (Functional),1.8 Trade & Shopper Marketing,1.8.2 Design in-store and channel-specific promotions
324,MKT,31,1.8.3,1 Marketinq və Brendin İdarə Edilməsi (Funksional),1.8 Trade və Shopper Marketinqi,1.8.3 Distribusiya və görünürlüğü artırmaq üçün satış komandası ilə əməkdaşlıq etmək,1 Marketing & Brand Management (Functional),1.8 Trade & Shopper Marketing,1.8.3 Collaborate with sales to drive distribution and visibility
325,MKT,32,1.8.4,1 Marketinq və Brendin İdarə Edilməsi (Funksional),1.8 Trade və Shopper Marketinqi,1.8.4 Trade spend və promosiyaların effektivliyini ölçmək,1 Marketing & Brand Management (Functional),1.8 Trade & Shopper Marketing,1.8.4 Measure effectiveness of trade spend and promotions
326,MKT,33,1.9.1,1 Marketinq və Brendin İdarə Edilməsi (Funksional),1.9 Marketinq Performansı və Analitika,1.9.1 Marketinq KPI-larını və dashboard-larını müəyyən etmək və izləmək,1 Marketing & Brand Management (Functional),1.9 Marketing Performance & Analytics,1.9.1 Define and track marketing KPIs and dashboards
327,MKT,34,1.9.2,1 Marketinq və Brendin İdarə Edilməsi (Funksional),1.9 Marketinq Performansı və Analitika,1.9.2 Kampaniyadan sonrakı və ROI təhlilləri aparmaq,1 Marketing & Brand Management (Functional),1.9 Marketing Performance & Analytics,1.9.2 Conduct post-campaign and ROI analysis
328,MKT,35,1.9.3,1 Marketinq və Brendin İdarə Edilməsi (Funksional),1.9 Marketinq Performansı və Analitika,1.9.3 Gələcək strategiya və investisiyaları istiqamətləndirmək üçün insaytlardan istifadə etmək,1 Marketing & Brand Management (Functional),1.9 Marketing Performance & Analytics,1.9.3 Use insights to inform future strategy and investment
329,MKT,36,1.9.4,1 Marketinq və Brendin İdarə Edilməsi (Funksional),1.9 Marketinq Performansı və Analitika,1.9.4 Performans insaytlarını yuxarı səviyyəli maraqlı tərəflərə təqdim etmək,1 Marketing & Brand Management (Functional),1.9 Marketing Performance & Analytics,1.9.4 Present performance insights to senior stakeholders
330,MKT,37,1.10.1,1 Marketinq və Brendin İdarə Edilməsi (Funksional),1.10 Marketinq İdarəetməsi və Risk,"1.10.1 Brend, hüquqi və tənzimləyici standartlara uyğunluğu təmin etmək",1 Marketing & Brand Management (Functional),1.10 Marketing Governance & Risk,"1.10.1 Ensure compliance with brand, legal, and regulatory standards"
331,MKT,38,1.10.2,1 Marketinq və Brendin İdarə Edilməsi (Funksional),1.10 Marketinq İdarəetməsi və Risk,1.10.2 Agentlik müqavilələrini və marketinq satınalmasını idarə etmək,1 Marketing & Brand Management (Functional),1.10 Marketing Governance & Risk,1.10.2 Manage agency contracts and marketing procurement
332,MKT,39,1.10.3,1 Marketinq və Brendin İdarə Edilməsi (Funksional),1.10 Marketinq İdarəetməsi və Risk,1.10.3 Reputasiya və kampaniya risklərini müəyyən etmək və azaltmaq,1 Marketing & Brand Management (Functional),1.10 Marketing Governance & Risk,1.10.3 Identify and mitigate reputational and campaign risks
333,MKT,40,1.10.4,1 Marketinq və Brendin İdarə Edilməsi (Funksional),1.10 Marketinq İdarəetməsi və Risk,"1.10.4 Sənədləşməni, təsdiqləri və audit hazırlığını qorumaq",1 Marketing & Brand Management (Functional),1.10 Marketing Governance & Risk,"1.10.4 Maintain documentation, approvals, and audit readiness"
334,MKT,41,1.11.1,1 Marketinq və Brendin İdarə Edilməsi (Funksional),1.11 Müştəri Təcrübəsi və Səyahət Dizaynı,1.11.1 Müştəri və shopper səyahətlərini bütün təmas nöqtələri üzrə ucdan-uca xəritələndirmək,1 Marketing & Brand Management (Functional),1.11 Customer Experience & Journey Design,1.11.1 Map end-to-end customer and shopper journeys across touchpoints
335,MKT,42,1.11.2,1 Marketinq və Brendin İdarə Edilməsi (Funksional),1.11 Müştəri Təcrübəsi və Səyahət Dizaynı,1.11.2 Brend qavrayışına təsir edən ağrı nöqtələrini və kritik anları müəyyən etmək,1 Marketing & Brand Management (Functional),1.11 Customer Experience & Journey Design,1.11.2 Identify pain points and moments of truth impacting brand perception
336,MKT,43,1.11.3,1 Marketinq və Brendin İdarə Edilməsi (Funksional),1.11 Müştəri Təcrübəsi və Səyahət Dizaynı,1.11.3 Brend vədinə uyğun təcrübə yaxşılaşdırmalarını dizayn etmək,1 Marketing & Brand Management (Functional),1.11 Customer Experience & Journey Design,1.11.3 Design experience improvements aligned with brand promise
337,MKT,44,1.11.4,1 Marketinq və Brendin İdarə Edilməsi (Funksional),1.11 Müştəri Təcrübəsi və Səyahət Dizaynı,"1.11.4 CX-in loyalığa, retention-a və tövsiyə etməyə təsirini ölçmək",1 Marketing & Brand Management (Functional),1.11 Customer Experience & Journey Design,"1.11.4 Measure CX impact on loyalty, retention, and advocacy"
338,MKT,45,1.12.1,1 Marketinq və Brendin İdarə Edilməsi (Funksional),1.12 İnnovasiya və Yeni Təkliflərin İnkişafı,1.12.1 Qarşılanmamış istehlakçı ehtiyaclarını və white-space imkanlarını müəyyən etmək,1 Marketing & Brand Management (Functional),1.12 Innovation & New Proposition Development,1.12.1 Identify unmet consumer needs and white-space opportunities
339,MKT,46,1.12.2,1 Marketinq və Brendin İdarə Edilməsi (Funksional),1.12 İnnovasiya və Yeni Təkliflərin İnkişafı,"1.12.2 R&D, satış və xarici tərəfdaşlarla birgə konseptlər yaratmaq",1 Marketing & Brand Management (Functional),1.12 Innovation & New Proposition Development,"1.12.2 Co-create concepts with R&D, sales, and external partners"
340,MKT,47,1.12.3,1 Marketinq və Brendin İdarə Edilməsi (Funksional),1.12 İnnovasiya və Yeni Təkliflərin İnkişafı,"1.12.3 Konseptləri testlər, pilotlar və MVP-lər vasitəsilə təsdiqləmək",1 Marketing & Brand Management (Functional),1.12 Innovation & New Proposition Development,"1.12.3 Validate concepts through testing, pilots, and MVPs"
341,MKT,48,1.12.4,1 Marketinq və Brendin İdarə Edilməsi (Funksional),1.12 İnnovasiya və Yeni Təkliflərin İnkişafı,1.12.4 Biznes əsaslandırmaları hazırlamaq və uğurlu innovasiyaları miqyaslandırmaq,1 Marketing & Brand Management (Functional),1.12 Innovation & New Proposition Development,1.12.4 Build business cases and scale successful innovations
342,MKT,49,1.13.1,1 Marketinq və Brendin İdarə Edilməsi (Funksional),1.13 CRM və Loyallıq İdarəetməsi,1.13.1 Müştəri həyat dövrü mərhələlərinə uyğun CRM strategiyaları hazırlamaq,1 Marketing & Brand Management (Functional),1.13 CRM & Loyalty Management,1.13.1 Design CRM strategies aligned with customer lifecycle stages
343,MKT,50,1.13.2,1 Marketinq və Brendin İdarə Edilməsi (Funksional),1.13 CRM və Loyallıq İdarəetməsi,1.13.2 Müştəri məlumatlarının seqmentasiyasını və hədəfləmə modellərini idarə etmək,1 Marketing & Brand Management (Functional),1.13 CRM & Loyalty Management,1.13.2 Manage customer data segmentation and targeting models
344,MKT,51,1.13.3,1 Marketinq və Brendin İdarə Edilməsi (Funksional),1.13 CRM və Loyallıq İdarəetməsi,1.13.3 Təkrar alış və engagement-i artırmaq üçün loyallıq proqramları hazırlamaq,1 Marketing & Brand Management (Functional),1.13 CRM & Loyalty Management,1.13.3 Develop loyalty programs to drive repeat purchase and engagement
345,MKT,52,1.13.4,1 Marketinq və Brendin İdarə Edilməsi (Funksional),1.13 CRM və Loyallıq İdarəetməsi,1.13.4 CRM effektivliyini və lifetime value göstəricilərini izləmək,1 Marketing & Brand Management (Functional),1.13 CRM & Loyalty Management,1.13.4 Track CRM effectiveness and lifetime value metrics
346,MKT,53,1.14.1,1 Marketinq və Brendin İdarə Edilməsi (Funksional),1.14 Marketinq Texnologiyaları və Platformalar,1.14.1 Marketinq avtomatlaşdırılması və martech alətlərini seçmək və idarə etmək,1 Marketing & Brand Management (Functional),1.14 Marketing Technology & Platforms,1.14.1 Select and manage marketing automation and martech tools
347,MKT,54,1.14.2,1 Marketinq və Brendin İdarə Edilməsi (Funksional),1.14 Marketinq Texnologiyaları və Platformalar,"1.14.2 Platformaları CRM, satış və məlumat sistemləri ilə inteqrasiya etmək",1 Marketing & Brand Management (Functional),1.14 Marketing Technology & Platforms,"1.14.2 Integrate platforms with CRM, sales, and data systems"
348,MKT,55,1.14.3,1 Marketinq və Brendin İdarə Edilməsi (Funksional),1.14 Marketinq Texnologiyaları və Platformalar,"1.14.3 Məlumat keyfiyyətini, məxfiliyi və platforma istifadəsini təmin etmək",1 Marketing & Brand Management (Functional),1.14 Marketing Technology & Platforms,"1.14.3 Ensure data quality, privacy, and platform adoption"
349,MKT,56,1.14.4,1 Marketinq və Brendin İdarə Edilməsi (Funksional),1.14 Marketinq Texnologiyaları və Platformalar,1.14.4 Fərdiləşdirməni və səmərəliliyi miqyaslandırmaq üçün texnologiyadan istifadə etmək,1 Marketing & Brand Management (Functional),1.14 Marketing Technology & Platforms,1.14.4 Leverage technology to scale personalization and efficiency
350,MKT,57,1.15.1,1 Marketinq və Brendin İdarə Edilməsi (Funksional),1.15 Agentlik və Tərəfdaş Ekosisteminin İdarə Edilməsi,1.15.1 Agentlik modellərini və iş həcmi çərçivələrini müəyyən etmək,1 Marketing & Brand Management (Functional),1.15 Agency & Partner Ecosystem Management,1.15.1 Define agency models and scopes of work
351,MKT,58,1.15.2,1 Marketinq və Brendin İdarə Edilməsi (Funksional),1.15 Agentlik və Tərəfdaş Ekosisteminin İdarə Edilməsi,1.15.2 Agentlik performansını KPI-lar əsasında qiymətləndirmək,1 Marketing & Brand Management (Functional),1.15 Agency & Partner Ecosystem Management,1.15.2 Evaluate agency performance against KPIs
352,MKT,59,1.15.3,1 Marketinq və Brendin İdarə Edilməsi (Funksional),1.15 Agentlik və Tərəfdaş Ekosisteminin İdarə Edilməsi,"1.15.3 Kreativ, media və rəqəmsal tərəfdaşlar arasında əməkdaşlığı irəli aparmaq",1 Marketing & Brand Management (Functional),1.15 Agency & Partner Ecosystem Management,"1.15.3 Drive collaboration across creative, media, and digital partners"
353,MKT,60,1.15.4,1 Marketinq və Brendin İdarə Edilməsi (Funksional),1.15 Agentlik və Tərəfdaş Ekosisteminin İdarə Edilməsi,1.15.4 Agentlik xərclərini və təqdim olunan dəyəri optimallaşdırmaq,1 Marketing & Brand Management (Functional),1.15 Agency & Partner Ecosystem Management,1.15.4 Optimize agency costs and value delivery
354,MKT,61,2.1.1,2 Strateji Düşüncə və Biznes Təsiri (Davranış),2.1 Strateji və Kommersiya Düşüncəsi,2.1.1 Marketinq təşəbbüslərini müəssisə strategiyası və böyümə hədəfləri ilə əlaqələndirmək,2 Strategic Thinking & Business Impact (Behavioral),2.1 Strategic & Commercial Thinking,2.1.1 Connect marketing initiatives to enterprise strategy and growth goals
355,MKT,62,2.1.2,2 Strateji Düşüncə və Biznes Təsiri (Davranış),2.1 Strateji və Kommersiya Düşüncəsi,2.1.2 Bazar dəyişikliklərini və rəqabət təhdidlərini qabaqcadan görmək,2 Strategic Thinking & Business Impact (Behavioral),2.1 Strategic & Commercial Thinking,2.1.2 Anticipate market shifts and competitive threats
356,MKT,63,2.1.3,2 Strateji Düşüncə və Biznes Təsiri (Davranış),2.1 Strateji və Kommersiya Düşüncəsi,2.1.3 Qısamüddətli performansla uzunmüddətli brend kapitalı arasında balans yaratmaq,2 Strategic Thinking & Business Impact (Behavioral),2.1 Strategic & Commercial Thinking,2.1.3 Balance short-term performance with long-term brand equity
357,MKT,64,2.1.4,2 Strateji Düşüncə və Biznes Təsiri (Davranış),2.1 Strateji və Kommersiya Düşüncəsi,2.1.4 Təşəbbüsləri dəyər yaratma və risk əsasında prioritetləşdirmək,2 Strategic Thinking & Business Impact (Behavioral),2.1 Strategic & Commercial Thinking,2.1.4 Prioritize initiatives based on value creation and risk
358,MKT,65,2.2.1,2 Strateji Düşüncə və Biznes Təsiri (Davranış),2.2 Maraqlı Tərəflərə Təsir və Əməkdaşlıq,2.2.1 Məlumat və insaytlardan istifadə etməklə funksiyalararası liderlərə təsir göstərmək,2 Strategic Thinking & Business Impact (Behavioral),2.2 Stakeholder Influence & Collaboration,2.2.1 Influence cross-functional leaders using data and insights
359,MKT,66,2.2.2,2 Strateji Düşüncə və Biznes Təsiri (Davranış),2.2 Maraqlı Tərəflərə Təsir və Əməkdaşlıq,"2.2.2 Satış, maliyyə və təchizat zənciri ilə etimada əsaslanan münasibətlər qurmaq",2 Strategic Thinking & Business Impact (Behavioral),2.2 Stakeholder Influence & Collaboration,"2.2.2 Build trust-based relationships with sales, finance, and supply chain"
360,MKT,67,2.2.3,2 Strateji Düşüncə və Biznes Təsiri (Davranış),2.2 Maraqlı Tərəflərə Təsir və Əməkdaşlıq,2.2.3 Fərqli maraqlı tərəfləri ortaq məqsədlər ətrafında uyğunlaşdırmaq,2 Strategic Thinking & Business Impact (Behavioral),2.2 Stakeholder Influence & Collaboration,2.2.3 Align diverse stakeholders around shared objectives
361,MKT,68,2.2.4,2 Strateji Düşüncə və Biznes Təsiri (Davranış),2.2 Maraqlı Tərəflərə Təsir və Əməkdaşlıq,2.2.4 İrəliləyiş tempini qorumaq üçün münaqişələri konstruktiv şəkildə həll etmək,2 Strategic Thinking & Business Impact (Behavioral),2.2 Stakeholder Influence & Collaboration,2.2.4 Resolve conflicts constructively to maintain momentum
362,MKT,69,2.3.1,2 Strateji Düşüncə və Biznes Təsiri (Davranış),"2.3 Liderlik, Sahiblik və Hesabatlılıq",2.3.1 Marketinq nəticələrinə ucdan-uca sahiblik göstərmək,2 Strategic Thinking & Business Impact (Behavioral),"2.3 Leadership, Ownership & Accountability",2.3.1 Take end-to-end ownership of marketing outcomes
363,MKT,70,2.3.2,2 Strateji Düşüncə və Biznes Təsiri (Davranış),"2.3 Liderlik, Sahiblik və Hesabatlılıq",2.3.2 Aydın gözləntilər və performans standartları müəyyən etmək,2 Strategic Thinking & Business Impact (Behavioral),"2.3 Leadership, Ownership & Accountability",2.3.2 Set clear expectations and performance standards
364,MKT,71,2.3.3,2 Strateji Düşüncə və Biznes Təsiri (Davranış),"2.3 Liderlik, Sahiblik və Hesabatlılıq",2.3.3 Komandanın bacarıqlarını və özünəinamını inkişaf etdirmək üçün kouçinq vermək,2 Strategic Thinking & Business Impact (Behavioral),"2.3 Leadership, Ownership & Accountability",2.3.3 Coach and develop team capability and confidence
365,MKT,72,2.3.4,2 Strateji Düşüncə və Biznes Təsiri (Davranış),"2.3 Liderlik, Sahiblik və Hesabatlılıq",2.3.4 Təzyiq altında qətiyyətlə hərəkət etmək və hesabatlı qalmaq,2 Strategic Thinking & Business Impact (Behavioral),"2.3 Leadership, Ownership & Accountability",2.3.4 Act decisively and remain accountable under pressure
366,LOG,1,1.1.1,1 Logistika və Təchizat Zəncirinin İdarə Edilməsi (Funksional),1.1 Logistika Strategiyası və Şəbəkə Dizaynı,1.1.1 Təchizat zənciri və biznes hədəflərinə uyğun logistika strategiyaları hazırlamaq,1 Logistics & Supply Chain Management (Functional),1.1 Logistics Strategy & Network Design,1.1.1 Develop logistics strategies aligned with supply chain and business goals
367,LOG,2,1.1.2,1 Logistika və Təchizat Zəncirinin İdarə Edilməsi (Funksional),1.1 Logistika Strategiyası və Şəbəkə Dizaynı,"1.1.2 Distribusiya şəbəkələrini, mərkəzləri və marşrutlaşdırma modellərini dizayn etmək",1 Logistics & Supply Chain Management (Functional),1.1 Logistics Strategy & Network Design,"1.1.2 Design distribution networks, hubs, and routing models"
368,LOG,3,1.1.3,1 Logistika və Təchizat Zəncirinin İdarə Edilməsi (Funksional),1.1 Logistika Strategiyası və Şəbəkə Dizaynı,"1.1.3 Xərc, xidmət səviyyəsi və çatdırılma müddəti arasındakı kompromisləri optimallaşdırmaq",1 Logistics & Supply Chain Management (Functional),1.1 Logistics Strategy & Network Design,"1.1.3 Optimize cost, service level, and lead time trade-offs"
369,LOG,4,1.1.4,1 Logistika və Təchizat Zəncirinin İdarə Edilməsi (Funksional),1.1 Logistika Strategiyası və Şəbəkə Dizaynı,1.1.4 Bazar və həcm dəyişikliklərinə uyğun olaraq şəbəkə dizaynını nəzərdən keçirmək və uyğunlaşdırmaq,1 Logistics & Supply Chain Management (Functional),1.1 Logistics Strategy & Network Design,1.1.4 Review and adapt network design to market and volume changes
370,LOG,5,1.2.1,1 Logistika və Təchizat Zəncirinin İdarə Edilməsi (Funksional),1.2 Nəqliyyatın İdarə Edilməsi,1.2.1 Daxil olan və çıxan daşımaları planlamaq və idarə etmək,1 Logistics & Supply Chain Management (Functional),1.2 Transportation Management,1.2.1 Plan and manage inbound and outbound transportation
371,LOG,6,1.2.2,1 Logistika və Təchizat Zəncirinin İdarə Edilməsi (Funksional),1.2 Nəqliyyatın İdarə Edilməsi,"1.2.2 Nəqliyyat provayderlərini seçmək, müqavilələndirmək və idarə etmək",1 Logistics & Supply Chain Management (Functional),1.2 Transportation Management,"1.2.2 Select, contract, and manage transport providers"
372,LOG,7,1.2.3,1 Logistika və Təchizat Zəncirinin İdarə Edilməsi (Funksional),1.2 Nəqliyyatın İdarə Edilməsi,"1.2.3 Marşrutları, yük doluluğunu və çatdırılma cədvəllərini optimallaşdırmaq",1 Logistics & Supply Chain Management (Functional),1.2 Transportation Management,"1.2.3 Optimize routing, load utilization, and delivery schedules"
373,LOG,8,1.2.4,1 Logistika və Təchizat Zəncirinin İdarə Edilməsi (Funksional),1.2 Nəqliyyatın İdarə Edilməsi,"1.2.4 Daşıma xərclərini, xidmət səviyyəsini və vaxtında çatdırılmanı izləmək",1 Logistics & Supply Chain Management (Functional),1.2 Transportation Management,"1.2.4 Monitor freight cost, service level, and on-time delivery"
374,LOG,9,1.3.1,1 Logistika və Təchizat Zəncirinin İdarə Edilməsi (Funksional),1.3 Anbar və Distribusiya Əməliyyatları,1.3.1 Anbar yerləşimlərini və iş axınlarını dizayn etmək və idarə etmək,1 Logistics & Supply Chain Management (Functional),1.3 Warehouse & Distribution Operations,1.3.1 Design and manage warehouse layouts and workflows
375,LOG,10,1.3.2,1 Logistika və Təchizat Zəncirinin İdarə Edilməsi (Funksional),1.3 Anbar və Distribusiya Əməliyyatları,"1.3.2 Qəbul, saxlama, yığım və göndəriş proseslərinə nəzarət etmək",1 Logistics & Supply Chain Management (Functional),1.3 Warehouse & Distribution Operations,"1.3.2 Control receiving, storage, picking, and dispatch processes"
376,LOG,11,1.3.3,1 Logistika və Təchizat Zəncirinin İdarə Edilməsi (Funksional),1.3 Anbar və Distribusiya Əməliyyatları,1.3.3 İnventar dəqiqliyini və stok bütövlüyünü təmin etmək,1 Logistics & Supply Chain Management (Functional),1.3 Warehouse & Distribution Operations,1.3.3 Ensure inventory accuracy and stock integrity
377,LOG,12,1.3.4,1 Logistika və Təchizat Zəncirinin İdarə Edilməsi (Funksional),1.3 Anbar və Distribusiya Əməliyyatları,"1.3.4 Məhsuldarlığı, təhlükəsizliyi və əməliyyat səmərəliliyini artırmaq",1 Logistics & Supply Chain Management (Functional),1.3 Warehouse & Distribution Operations,"1.3.4 Drive productivity, safety, and operational efficiency"
378,LOG,13,1.4.1,1 Logistika və Təchizat Zəncirinin İdarə Edilməsi (Funksional),1.4 İnventarın İdarə Edilməsi,1.4.1 İnventar siyasətlərini və stok parametrlərini müəyyən etmək,1 Logistics & Supply Chain Management (Functional),1.4 Inventory Management,1.4.1 Define inventory policies and stock parameters
379,LOG,14,1.4.2,1 Logistika və Təchizat Zəncirinin İdarə Edilməsi (Funksional),1.4 İnventarın İdarə Edilməsi,"1.4.2 Mövcudluq, dövriyyə kapitalı və köhnəlmə riski arasında balans yaratmaq",1 Logistics & Supply Chain Management (Functional),1.4 Inventory Management,"1.4.2 Balance availability, working capital, and obsolescence risk"
380,LOG,15,1.4.3,1 Logistika və Təchizat Zəncirinin İdarə Edilməsi (Funksional),1.4 İnventarın İdarə Edilməsi,"1.4.3 İnventar dövriyyəsini, yaşlanmanı və dəqiqliyi izləmək",1 Logistics & Supply Chain Management (Functional),1.4 Inventory Management,"1.4.3 Monitor inventory turnover, aging, and accuracy"
381,LOG,16,1.4.4,1 Logistika və Təchizat Zəncirinin İdarə Edilməsi (Funksional),1.4 İnventarın İdarə Edilməsi,1.4.4 Tələbat dəyişkənliyini idarə etmək üçün planlama və satış komandaları ilə koordinasiya etmək,1 Logistics & Supply Chain Management (Functional),1.4 Inventory Management,1.4.4 Coordinate with planning and sales to manage demand volatility
382,LOG,17,1.5.1,1 Logistika və Təchizat Zəncirinin İdarə Edilməsi (Funksional),1.5 Sifarişlərin İcrası və Müştəri Xidməti,1.5.1 Sifariş emalı və icra dövrlərini idarə etmək,1 Logistics & Supply Chain Management (Functional),1.5 Order Fulfillment & Customer Service,1.5.1 Manage order processing and fulfillment cycles
383,LOG,18,1.5.2,1 Logistika və Təchizat Zəncirinin İdarə Edilməsi (Funksional),1.5 Sifarişlərin İcrası və Müştəri Xidməti,"1.5.2 Dəqiq, tam və vaxtında çatdırılmaları təmin etmək",1 Logistics & Supply Chain Management (Functional),1.5 Order Fulfillment & Customer Service,"1.5.2 Ensure accurate, complete, and on-time deliveries"
384,LOG,19,1.5.3,1 Logistika və Təchizat Zəncirinin İdarə Edilməsi (Funksional),1.5 Sifarişlərin İcrası və Müştəri Xidməti,"1.5.3 Çatdırılma problemlərini, iddiaları və geri qaytarmaları idarə etmək",1 Logistics & Supply Chain Management (Functional),1.5 Order Fulfillment & Customer Service,"1.5.3 Handle delivery issues, claims, and returns"
385,LOG,20,1.5.4,1 Logistika və Təchizat Zəncirinin İdarə Edilməsi (Funksional),1.5 Sifarişlərin İcrası və Müştəri Xidməti,1.5.4 Müştəri xidməti KPI-larını və məmnuniyyəti izləmək,1 Logistics & Supply Chain Management (Functional),1.5 Order Fulfillment & Customer Service,1.5.4 Monitor customer service KPIs and satisfaction
386,LOG,21,1.6.1,1 Logistika və Təchizat Zəncirinin İdarə Edilməsi (Funksional),"1.6 İdxal, İxrac və Gömrük İdarəetməsi",1.6.1 İdxal və ixrac sənədləşməsini və proseslərini idarə etmək,1 Logistics & Supply Chain Management (Functional),"1.6 Import, Export & Customs Management",1.6.1 Manage import and export documentation and processes
387,LOG,22,1.6.2,1 Logistika və Təchizat Zəncirinin İdarə Edilməsi (Funksional),"1.6 İdxal, İxrac və Gömrük İdarəetməsi","1.6.2 Gömrük, ticarət və vergi tələblərinə uyğunluğu təmin etmək",1 Logistics & Supply Chain Management (Functional),"1.6 Import, Export & Customs Management","1.6.2 Ensure compliance with customs, trade, and tax regulations"
388,LOG,23,1.6.3,1 Logistika və Təchizat Zəncirinin İdarə Edilməsi (Funksional),"1.6 İdxal, İxrac və Gömrük İdarəetməsi","1.6.3 Brokerlər, səlahiyyətli orqanlar və yükdaşıma ekspeditorları ilə koordinasiya etmək",1 Logistics & Supply Chain Management (Functional),"1.6 Import, Export & Customs Management","1.6.3 Coordinate with brokers, authorities, and freight forwarders"
389,LOG,24,1.6.4,1 Logistika və Təchizat Zəncirinin İdarə Edilməsi (Funksional),"1.6 İdxal, İxrac və Gömrük İdarəetməsi","1.6.4 Gecikmələri, cərimələri və gömrük rüsumu xərclərini minimuma endirmək",1 Logistics & Supply Chain Management (Functional),"1.6 Import, Export & Customs Management","1.6.4 Minimize delays, penalties, and duty costs"
390,LOG,25,1.7.1,1 Logistika və Təchizat Zəncirinin İdarə Edilməsi (Funksional),1.7 Logistika Xərclərinə Nəzarət və Büdcələmə,1.7.1 Logistika büdcələrini və xərc proqnozlarını hazırlamaq,1 Logistics & Supply Chain Management (Functional),1.7 Logistics Cost Control & Budgeting,1.7.1 Develop logistics budgets and cost forecasts
391,LOG,26,1.7.2,1 Logistika və Təchizat Zəncirinin İdarə Edilməsi (Funksional),1.7 Logistika Xərclərinə Nəzarət və Büdcələmə,1.7.2 Xərc amillərini və kənarlaşmaları təhlil etmək,1 Logistics & Supply Chain Management (Functional),1.7 Logistics Cost Control & Budgeting,1.7.2 Analyze cost drivers and variance
392,LOG,27,1.7.3,1 Logistika və Təchizat Zəncirinin İdarə Edilməsi (Funksional),1.7 Logistika Xərclərinə Nəzarət və Büdcələmə,1.7.3 Xərc optimallaşdırması və səmərəlilik imkanlarını müəyyən etmək,1 Logistics & Supply Chain Management (Functional),1.7 Logistics Cost Control & Budgeting,1.7.3 Identify cost optimization and efficiency opportunities
393,LOG,28,1.7.4,1 Logistika və Təchizat Zəncirinin İdarə Edilməsi (Funksional),1.7 Logistika Xərclərinə Nəzarət və Büdcələmə,1.7.4 Qənaət göstəricilərini və maliyyə performansını izləmək,1 Logistics & Supply Chain Management (Functional),1.7 Logistics Cost Control & Budgeting,1.7.4 Track savings and financial performance
394,LOG,29,1.8.1,1 Logistika və Təchizat Zəncirinin İdarə Edilməsi (Funksional),1.8 Logistika Sistemləri və Rəqəmsallaşma,"1.8.1 WMS, TMS və logistika İT sistemlərindən səmərəli istifadə etmək",1 Logistics & Supply Chain Management (Functional),1.8 Logistics Systems & Digitalization,"1.8.1 Use WMS, TMS, and logistics IT systems effectively"
395,LOG,30,1.8.2,1 Logistika və Təchizat Zəncirinin İdarə Edilməsi (Funksional),1.8 Logistika Sistemləri və Rəqəmsallaşma,1.8.2 Məlumatların dəqiqliyini və sistem inteqrasiyasını təmin etmək,1 Logistics & Supply Chain Management (Functional),1.8 Logistics Systems & Digitalization,1.8.2 Ensure data accuracy and system integration
396,LOG,31,1.8.3,1 Logistika və Təchizat Zəncirinin İdarə Edilməsi (Funksional),1.8 Logistika Sistemləri və Rəqəmsallaşma,1.8.3 Görünürlük və qərarvermə üçün analitikadan istifadə etmək,1 Logistics & Supply Chain Management (Functional),1.8 Logistics Systems & Digitalization,1.8.3 Leverage analytics for visibility and decision making
397,LOG,32,1.8.4,1 Logistika və Təchizat Zəncirinin İdarə Edilməsi (Funksional),1.8 Logistika Sistemləri və Rəqəmsallaşma,1.8.4 Avtomatlaşdırma və rəqəmsal təkmilləşdirmə təşəbbüslərini irəli aparmaq,1 Logistics & Supply Chain Management (Functional),1.8 Logistics Systems & Digitalization,1.8.4 Drive automation and digital improvement initiatives
398,LOG,33,1.9.1,1 Logistika və Təchizat Zəncirinin İdarə Edilməsi (Funksional),"1.9 Risk, Təhlükəsizlik və Uyğunluq","1.9.1 Əməliyyat, təhlükəsizlik və təchizat risklərini müəyyən etmək",1 Logistics & Supply Chain Management (Functional),"1.9 Risk, Safety & Compliance","1.9.1 Identify operational, safety, and supply risks"
399,LOG,34,1.9.2,1 Logistika və Təchizat Zəncirinin İdarə Edilməsi (Funksional),"1.9 Risk, Təhlükəsizlik və Uyğunluq","1.9.2 Sağlamlıq, təhlükəsizlik və mühafizə standartlarını tətbiq etmək",1 Logistics & Supply Chain Management (Functional),"1.9 Risk, Safety & Compliance","1.9.2 Implement health, safety, and security standards"
400,LOG,35,1.9.3,1 Logistika və Təchizat Zəncirinin İdarə Edilməsi (Funksional),"1.9 Risk, Təhlükəsizlik və Uyğunluq",1.9.3 Nəqliyyat və əmək qanunvericiliyinə uyğunluğu təmin etmək,1 Logistics & Supply Chain Management (Functional),"1.9 Risk, Safety & Compliance",1.9.3 Ensure compliance with transport and labor regulations
401,LOG,36,1.9.4,1 Logistika və Təchizat Zəncirinin İdarə Edilməsi (Funksional),"1.9 Risk, Təhlükəsizlik və Uyğunluq","1.9.4 İnsidentləri, auditləri və düzəldici tədbirləri idarə etmək",1 Logistics & Supply Chain Management (Functional),"1.9 Risk, Safety & Compliance","1.9.4 Manage incidents, audits, and corrective actions"
402,LOG,37,1.10.1,1 Logistika və Təchizat Zəncirinin İdarə Edilməsi (Funksional),1.10 Davamlı Təkmilləşdirmə və Dayanıqlılıq,1.10.1 Lean və davamlı təkmilləşdirmə metodologiyalarını tətbiq etmək,1 Logistics & Supply Chain Management (Functional),1.10 Continuous Improvement & Sustainability,1.10.1 Apply lean and continuous improvement methodologies
403,LOG,38,1.10.2,1 Logistika və Təchizat Zəncirinin İdarə Edilməsi (Funksional),1.10 Davamlı Təkmilləşdirmə və Dayanıqlılıq,"1.10.2 Tullantıları, emissiyaları və ətraf mühitə təsiri azaltmaq",1 Logistics & Supply Chain Management (Functional),1.10 Continuous Improvement & Sustainability,"1.10.2 Reduce waste, emissions, and environmental impact"
404,LOG,39,1.10.3,1 Logistika və Təchizat Zəncirinin İdarə Edilməsi (Funksional),1.10 Davamlı Təkmilləşdirmə və Dayanıqlılıq,1.10.3 Ən yaxşı təcrübələri və standart əməliyyat prosedurlarını tətbiq etmək,1 Logistics & Supply Chain Management (Functional),1.10 Continuous Improvement & Sustainability,1.10.3 Implement best practices and standard operating procedures
405,LOG,40,1.10.4,1 Logistika və Təchizat Zəncirinin İdarə Edilməsi (Funksional),1.10 Davamlı Təkmilləşdirmə və Dayanıqlılıq,1.10.4 Təkmilləşdirmə təşəbbüslərini və onların faydalarını izləmək,1 Logistics & Supply Chain Management (Functional),1.10 Continuous Improvement & Sustainability,1.10.4 Track improvement initiatives and benefits
406,LOG,41,2.1.1,2 Liderlik və Peşəkar Effektivlik (Davranış),2.1 Planlama və Qərarvermə,2.1.1 Vaxtında və məlumatlara əsaslanan əməliyyat qərarları vermək,2 Leadership & Professional Effectiveness (Behavioral),2.1 Planning & Decision Making,"2.1.1 Make timely, data-driven operational decisions"
407,LOG,42,2.1.2,2 Liderlik və Peşəkar Effektivlik (Davranış),2.1 Planlama və Qərarvermə,2.1.2 Vaxt və resurs məhdudiyyətləri şəraitində fəaliyyətləri prioritetləşdirmək,2 Leadership & Professional Effectiveness (Behavioral),2.1 Planning & Decision Making,2.1.2 Prioritize activities under time and resource constraints
408,LOG,43,2.1.3,2 Liderlik və Peşəkar Effektivlik (Davranış),2.1 Planlama və Qərarvermə,2.1.3 Pozuntuları qabaqcadan görmək və alternativ planlar hazırlamaq,2 Leadership & Professional Effectiveness (Behavioral),2.1 Planning & Decision Making,2.1.3 Anticipate disruptions and plan contingencies
409,LOG,44,2.1.4,2 Liderlik və Peşəkar Effektivlik (Davranış),2.1 Planlama və Qərarvermə,"2.1.4 Xidmət, xərc və risk amilləri arasında balans yaratmaq",2 Leadership & Professional Effectiveness (Behavioral),2.1 Planning & Decision Making,"2.1.4 Balance service, cost, and risk considerations"
410,LOG,45,2.2.1,2 Liderlik və Peşəkar Effektivlik (Davranış),2.2 Maraqlı Tərəflərlə Koordinasiya və Kommunikasiya,"2.2.1 Satış, planlama və təchizatçılarla effektiv koordinasiya qurmaq",2 Leadership & Professional Effectiveness (Behavioral),2.2 Stakeholder Coordination & Communication,"2.2.1 Coordinate effectively with sales, planning, and suppliers"
411,LOG,46,2.2.2,2 Liderlik və Peşəkar Effektivlik (Davranış),2.2 Maraqlı Tərəflərlə Koordinasiya və Kommunikasiya,2.2.2 Problemləri və prioritetləri aydın şəkildə çatdırmaq,2 Leadership & Professional Effectiveness (Behavioral),2.2 Stakeholder Coordination & Communication,2.2.2 Communicate issues and priorities clearly
412,LOG,47,2.2.3,2 Liderlik və Peşəkar Effektivlik (Davranış),2.2 Maraqlı Tərəflərlə Koordinasiya və Kommunikasiya,2.2.3 Eskalasiyaları və xidmət gözləntilərini idarə etmək,2 Leadership & Professional Effectiveness (Behavioral),2.2 Stakeholder Coordination & Communication,2.2.3 Manage escalations and service expectations
413,LOG,48,2.2.4,2 Liderlik və Peşəkar Effektivlik (Davranış),2.2 Maraqlı Tərəflərlə Koordinasiya və Kommunikasiya,2.2.4 Daxili və xarici tərəfdaşlarla etimad qurmaq,2 Leadership & Professional Effectiveness (Behavioral),2.2 Stakeholder Coordination & Communication,2.2.4 Build trust with internal and external partners
414,LOG,49,2.3.1,2 Liderlik və Peşəkar Effektivlik (Davranış),2.3 Liderlik və Komandanın İdarə Edilməsi,2.3.1 Aydın hədəflər və performans standartları müəyyən etmək,2 Leadership & Professional Effectiveness (Behavioral),2.3 Leadership & Team Management,2.3.1 Set clear goals and performance standards
415,LOG,50,2.3.2,2 Liderlik və Peşəkar Effektivlik (Davranış),2.3 Liderlik və Komandanın İdarə Edilməsi,2.3.2 Logistika və əməliyyat bacarıqlarını inkişaf etdirmək,2 Leadership & Professional Effectiveness (Behavioral),2.3 Leadership & Team Management,2.3.2 Develop logistics and operations capability
416,LOG,51,2.3.3,2 Liderlik və Peşəkar Effektivlik (Davranış),2.3 Liderlik və Komandanın İdarə Edilməsi,"2.3.3 İntizamı, təhlükəsizliyi və hesabatlılığı təmin etmək",2 Leadership & Professional Effectiveness (Behavioral),2.3 Leadership & Team Management,"2.3.3 Ensure discipline, safety, and accountability"
417,LOG,52,2.3.4,2 Liderlik və Peşəkar Effektivlik (Davranış),2.3 Liderlik və Komandanın İdarə Edilməsi,2.3.4 Komandaları dəyişiklik və təzyiq şəraitində idarə etmək,2 Leadership & Professional Effectiveness (Behavioral),2.3 Leadership & Team Management,2.3.4 Lead teams through change and pressure
418,LOG,53,2.4.1,2 Liderlik və Peşəkar Effektivlik (Davranış),2.4 Hesabatlılıq və Sahiblik,2.4.1 Xidmət və xərc nəticələrinə sahiblik göstərmək,2 Leadership & Professional Effectiveness (Behavioral),2.4 Accountability & Ownership,2.4.1 Take ownership of service and cost outcomes
419,LOG,54,2.4.2,2 Liderlik və Peşəkar Effektivlik (Davranış),2.4 Hesabatlılıq və Sahiblik,2.4.2 Öhdəlikləri etibarlı şəkildə yerinə yetirmək,2 Leadership & Professional Effectiveness (Behavioral),2.4 Accountability & Ownership,2.4.2 Deliver commitments reliably
420,LOG,55,2.4.3,2 Liderlik və Peşəkar Effektivlik (Davranış),2.4 Hesabatlılıq və Sahiblik,2.4.3 Problemləri proaktiv şəkildə həll etmək,2 Leadership & Professional Effectiveness (Behavioral),2.4 Accountability & Ownership,2.4.3 Address issues proactively
421,LOG,56,2.4.4,2 Liderlik və Peşəkar Effektivlik (Davranış),2.4 Hesabatlılıq və Sahiblik,2.4.4 Peşəkarlıq və dayanıqlılıq nümunəsi olmaq,2 Leadership & Professional Effectiveness (Behavioral),2.4 Accountability & Ownership,2.4.4 Model professionalism and resilience
422,SCM,1,1.1.1,Təchizat Zəncirinin İdarə Edilməsi,1.1 Tələbatın Planlaşdırılması,1.1.1 Statistik və bazar modellərindən istifadə etməklə müştəri tələbatını proqnozlaşdırmaq,Supply Chain Management,1.1 Demand Planning,1.1.1 Forecast customer demand using statistical and market models
423,SCM,2,1.1.2,Təchizat Zəncirinin İdarə Edilməsi,1.1 Tələbatın Planlaşdırılması,"1.1.2 Mövsümsəlliyi, promosiya təsirlərini və məhsulun həyat dövrü əyrilərini təhlil etmək",Supply Chain Management,1.1 Demand Planning,"1.1.2 Analyze seasonality, promotions, and lifecycle curves"
424,SCM,3,1.1.3,Təchizat Zəncirinin İdarə Edilməsi,1.1 Tələbatın Planlaşdırılması,1.1.3 Proqnozları təsdiqləmək üçün satış və marketinq komandaları ilə əməkdaşlıq etmək,Supply Chain Management,1.1 Demand Planning,1.1.3 Collaborate with sales & marketing to validate forecasts
425,SCM,4,1.2.1,Təchizat Zəncirinin İdarə Edilməsi,1.2 Təchizatın Planlaşdırılması,1.2.1 Tələbat ssenarilərinə qarşı təchizat və güc balansını təmin etmək,Supply Chain Management,1.2 Supply Planning,1.2.1 Balance supply and capacity against demand scenarios
426,SCM,5,1.2.2,Təchizat Zəncirinin İdarə Edilməsi,1.2 Təchizatın Planlaşdırılması,1.2.2 MPS (Əsas İstehsal Planı) və MRP nəticələrini formalaşdırmaq,Supply Chain Management,1.2 Supply Planning,1.2.2 Generate MPS (Master Production Schedule) and MRP outputs
427,SCM,6,1.2.3,Təchizat Zəncirinin İdarə Edilməsi,1.2 Təchizatın Planlaşdırılması,1.2.3 Məhdud təchizatı səmərəli şəkildə bölüşdürmək,Supply Chain Management,1.2 Supply Planning,1.2.3 Allocate constrained supply effectively
428,SCM,7,1.3.1,Təchizat Zəncirinin İdarə Edilməsi,1.3 Gücün Planlaşdırılması,"1.3.1 Qısamüddətli, ortamüddətli və uzunmüddətli güc ehtiyaclarını qiymətləndirmək",Supply Chain Management,1.3 Capacity Planning,"1.3.1 Evaluate short, medium, and long-term capacity needs"
429,SCM,8,1.3.2,Təchizat Zəncirinin İdarə Edilməsi,1.3 Gücün Planlaşdırılması,1.3.2 RCCP (təxmini güc planlaşdırılması) aparmaq,Supply Chain Management,1.3 Capacity Planning,1.3.2 Perform rough-cut capacity planning (RCCP)
430,SCM,9,1.3.3,Təchizat Zəncirinin İdarə Edilməsi,1.3 Gücün Planlaşdırılması,1.3.3 Darboğazları modelləşdirmək və güc simulyasiyaları aparmaq,Supply Chain Management,1.3 Capacity Planning,1.3.3 Model bottlenecks and run capacity simulations
431,SCM,10,1.4.1,Təchizat Zəncirinin İdarə Edilməsi,1.4 Ehtiyatların İdarə Edilməsi,"1.4.1 Ehtiyat parametrlərini (min/max, EOQ, təhlükəsizlik ehtiyatı) müəyyən etmək və tənzimləmək",Supply Chain Management,1.4 Inventory Management,"1.4.1 Set and adjust inventory parameters (min/max, EOQ, safety stock)"
432,SCM,11,1.4.2,Təchizat Zəncirinin İdarə Edilməsi,1.4 Ehtiyatların İdarə Edilməsi,"1.4.2 Köhnəlmiş, artıq və zəif dövriyyəli ehtiyatları azaltmaq",Supply Chain Management,1.4 Inventory Management,"1.4.2 Reduce obsolete, excess, and slow-moving inventory"
433,SCM,12,1.4.3,Təchizat Zəncirinin İdarə Edilməsi,1.4 Ehtiyatların İdarə Edilməsi,1.4.3 Planlaşdırmanı optimallaşdırmaq üçün ABC/XYZ və seqmentasiyadan istifadə etmək,Supply Chain Management,1.4 Inventory Management,1.4.3 Use ABC/XYZ and segmentation to optimize planning
434,SCM,13,1.5.1,Təchizat Zəncirinin İdarə Edilməsi,1.5 Satınalma və Mənbələrin Seçilməsi,1.5.1 TCO və qiymətləndirmə cədvəlləri əsasında təchizatçıları kvalifikasiya etmək və seçmək,Supply Chain Management,1.5 Procurement & Sourcing,1.5.1 Qualify and select suppliers using TCO/scorecards
435,SCM,14,1.5.2,Təchizat Zəncirinin İdarə Edilməsi,1.5 Satınalma və Mənbələrin Seçilməsi,1.5.2 Müqavilələri müzakirə etmək və təchizatçı SLA-larını idarə etmək,Supply Chain Management,1.5 Procurement & Sourcing,1.5.2 Negotiate contracts and manage supplier SLAs
436,SCM,15,1.5.3,Təchizat Zəncirinin İdarə Edilməsi,1.5 Satınalma və Mənbələrin Seçilməsi,1.5.3 Dayanıqlı satınalma təcrübələrini inteqrasiya etmək,Supply Chain Management,1.5 Procurement & Sourcing,1.5.3 Integrate sustainable sourcing practices
437,SCM,16,1.6.1,Təchizat Zəncirinin İdarə Edilməsi,1.6 Strateji Mənbələrin Seçilməsi,1.6.1 Xərc kateqoriyalarını təhlil etmək və satınalma strategiyaları qurmaq,Supply Chain Management,1.6 Strategic Sourcing,1.6.1 Analyze spend categories and build sourcing strategies
438,SCM,17,1.6.2,Təchizat Zəncirinin İdarə Edilməsi,1.6 Strateji Mənbələrin Seçilməsi,"1.6.2 RFX (RFI, RFQ, RFP) proseslərini idarə etmək",Supply Chain Management,1.6 Strategic Sourcing,"1.6.2 Run RFX (RFI, RFQ, RFP) processes"
439,SCM,18,1.7.1,Təchizat Zəncirinin İdarə Edilməsi,1.7 Logistika və Distribusiya,1.7.1 Anbar yerləşimini və material axınlarını optimallaşdırmaq,Supply Chain Management,1.7 Logistics & Distribution,1.7.1 Optimize warehouse layout and material flows
440,SCM,19,1.7.2,Təchizat Zəncirinin İdarə Edilməsi,1.7 Logistika və Distribusiya,1.7.2 3PL tərəfdaş münasibətlərini və yükdaşıma müqavilələrini idarə etmək,Supply Chain Management,1.7 Logistics & Distribution,1.7.2 Manage 3PL relationships and freight contracts
441,SCM,20,1.7.3,Təchizat Zəncirinin İdarə Edilməsi,1.7 Logistika və Distribusiya,1.7.3 Çatdırılma performansını və daşıyıcı etibarlılığını izləmək,Supply Chain Management,1.7 Logistics & Distribution,1.7.3 Monitor delivery performance and carrier reliability
442,SCM,21,1.8.1,Təchizat Zəncirinin İdarə Edilməsi,1.8 Nəqliyyatın İdarə Edilməsi,1.8.1 Nəqliyyat marşrutlarını və daşıma növlərini planlamaq və optimallaşdırmaq,Supply Chain Management,1.8 Transportation Management,1.8.1 Plan and optimize transportation routes and modes
443,SCM,22,1.8.2,Təchizat Zəncirinin İdarə Edilməsi,1.8 Nəqliyyatın İdarə Edilməsi,1.8.2 Daşımaları TMS vasitəsilə icra etmək və izləmək,Supply Chain Management,1.8 Transportation Management,1.8.2 Execute and track shipments with TMS
444,SCM,23,1.9.1,Təchizat Zəncirinin İdarə Edilməsi,1.9 Əks Logistika,"1.9.1 Geri qaytarmaları, geri çağırmaları və təmir əməliyyatlarını idarə etmək",Supply Chain Management,1.9 Reverse Logistics,"1.9.1 Manage returns, recalls, and repair operations"
445,SCM,24,1.9.2,Təchizat Zəncirinin İdarə Edilməsi,1.9 Əks Logistika,1.9.2 Yenidən istifadə oluna bilən komponentləri təchizat zəncirinə geri inteqrasiya etmək,Supply Chain Management,1.9 Reverse Logistics,1.9.2 Reintegrate reusable components back into supply chain
446,SCM,25,1.10.1,Təchizat Zəncirinin İdarə Edilməsi,1.10 S&OP / IBP Prosesi,1.10.1 Konsensus əsaslı aylıq S&OP görüşlərini fasilitasiya etmək,Supply Chain Management,1.10 S&OP / IBP Process,1.10.1 Facilitate consensus-based monthly S&OP meetings
447,SCM,26,1.10.2,Təchizat Zəncirinin İdarə Edilməsi,1.10 S&OP / IBP Prosesi,"1.10.2 Maliyyə, əməliyyat və kommersiya planlarını uyğunlaşdırmaq",Supply Chain Management,1.10 S&OP / IBP Process,"1.10.2 Align finance, operations, and commercial plans"
448,SCM,27,1.11.1,Təchizat Zəncirinin İdarə Edilməsi,1.11 Təchizat Zənciri Analitikası,"1.11.1 Xidmət səviyyəsi, xərc və proqnoz dəqiqliyi üçün dashboard-lar hazırlamaq",Supply Chain Management,1.11 Supply Chain Analytics,"1.11.1 Build dashboards for service level, cost, and forecast accuracy"
449,SCM,28,1.11.2,Təchizat Zəncirinin İdarə Edilməsi,1.11 Təchizat Zənciri Analitikası,1.11.2 Kök səbəb və trend təhlili üçün BI alətlərindən istifadə etmək,Supply Chain Management,1.11 Supply Chain Analytics,1.11.2 Use BI tools for root cause and trend analysis
450,SCM,29,1.12.1,Təchizat Zəncirinin İdarə Edilməsi,1.12 Dayanıqlılıq və Uyğunluq,1.12.1 ESG tələblərinə və təchizatçı davranış kodekslərinə uyğunluğu təmin etmək,Supply Chain Management,1.12 Sustainability & Compliance,1.12.1 Ensure compliance with ESG and supplier codes of conduct
451,SCM,30,1.12.2,Təchizat Zəncirinin İdarə Edilməsi,1.12 Dayanıqlılıq və Uyğunluq,"1.12.2 Təchizat zənciri pillələri üzrə CO2, su və tullantı KPI-larını izləmək",Supply Chain Management,1.12 Sustainability & Compliance,"1.12.2 Track CO2, water, and waste KPIs across supply tiers"
452,SCM,31,1.13.1,Təchizat Zəncirinin İdarə Edilməsi,1.13 Risklərin İdarə Edilməsi və Davamlılıq,1.13.1 Təchizatçı və marşrut risk qiymətləndirmələri aparmaq,Supply Chain Management,1.13 Risk Management & Continuity,1.13.1 Conduct supplier and lane risk assessments
453,SCM,32,1.13.2,Təchizat Zəncirinin İdarə Edilməsi,1.13 Risklərin İdarə Edilməsi və Davamlılıq,1.13.2 Biznes davamlılığı playbook-larını aktual saxlamaq,Supply Chain Management,1.13 Risk Management & Continuity,1.13.2 Maintain business continuity playbooks
454,SCM,33,1.14.1,Təchizat Zəncirinin İdarə Edilməsi,1.14 Rəqəmsal Təchizat Zənciri,"1.14.1 Təchizat zənciri proseslərinə avtomatlaşdırma (RPA), AI və IoT tətbiq etmək",Supply Chain Management,1.14 Digital Supply Chain,"1.14.1 Apply automation (RPA), AI, and IoT to SC processes"
455,SCM,34,1.14.2,Təchizat Zəncirinin İdarə Edilməsi,1.14 Rəqəmsal Təchizat Zənciri,"1.14.2 SCM alətlərini ERP, WMS və PLM sistemləri ilə inteqrasiya etmək",Supply Chain Management,1.14 Digital Supply Chain,"1.14.2 Integrate SCM tools with ERP, WMS, and PLM systems"
456,SCM,35,1.1.1,Təchizat Zənciri üzrə Peşəkar Keyfiyyətlər,1.1 Sistem Düşüncəsi,"1.1.1 Təchizat, tələbat, maliyyə və əməliyyatlar arasındakı qarşılıqlı asılılıqları bütöv şəkildə görmək",Supply Chain Professional Attributes,1.1 Systems Thinking,"1.1.1 See interdependencies across supply, demand, finance, and operations holistically"
457,SCM,36,1.2.1,Təchizat Zənciri üzrə Peşəkar Keyfiyyətlər,1.2 Qeyri-müəyyənlik Şəraitində Qərarvermə,1.2.1 Təzyiq altında natamam məlumatla risk-balanslı qərarlar vermək,Supply Chain Professional Attributes,1.2 Decision-Making Under Uncertainty,1.2.1 Make risk-balanced decisions with incomplete information under pressure
458,SCM,37,1.3.1,Təchizat Zənciri üzrə Peşəkar Keyfiyyətlər,1.3 Əməkdaşlıq və Təsir Etmə,1.3.1 Müxtəlif daxili və xarici maraqlı tərəfləri ortaq hədəflər ətrafında uyğunlaşdırmaq,Supply Chain Professional Attributes,1.3 Collaboration & Influence,1.3.1 Align diverse internal and external stakeholders toward shared goals
459,SCM,38,1.4.1,Təchizat Zənciri üzrə Peşəkar Keyfiyyətlər,1.4 Proses İntizamı,"1.4.1 Strukturlaşdırılmış planlama dövrlərinə, eskalasiya yollarına və SOP-lara riayət etmək",Supply Chain Professional Attributes,1.4 Process Discipline,"1.4.1 Adhere to structured planning cycles, escalation paths, and SOPs"
460,SCM,39,1.5.1,Təchizat Zənciri üzrə Peşəkar Keyfiyyətlər,1.5 Dəyişikliklərə Dayanıqlılıq,"1.5.1 Satınalma dəyişiklikləri, təchizat pozuntuları və ya rəqəmsal rollout-lar zamanı çevik qalmaq",Supply Chain Professional Attributes,1.5 Change Resilience,"1.5.1 Stay adaptive during sourcing shifts, supply disruptions, or digital rollouts"
461,SCM,40,1.6.1,Təchizat Zənciri üzrə Peşəkar Keyfiyyətlər,1.6 Operativlik Hissi,1.6.1 Sürətli dəyişən əməliyyat mühitlərində çevik və fokuslu hərəkət etmək,Supply Chain Professional Attributes,1.6 Sense of Urgency,1.6.1 Act with speed and focus in fast-moving operational environments
462,SCM,41,1.7.1,Təchizat Zənciri üzrə Peşəkar Keyfiyyətlər,1.7 Analitik Maraqlılıq,1.7.1 Kənarlaşmaların və ya tələb/təchizat uyğunsuzluqlarının kök səbəblərini araşdırmaq,Supply Chain Professional Attributes,1.7 Analytical Curiosity,1.7.1 Investigate root causes behind variances or demand/supply misalignments
463,SCM,42,1.8.1,Təchizat Zənciri üzrə Peşəkar Keyfiyyətlər,1.8 Kommunikasiya Aydınlığı,1.8.1 Mürəkkəb planlama qərarlarını aydın və funksiyalararası dildə izah etmək,Supply Chain Professional Attributes,1.8 Communication Clarity,"1.8.1 Translate complex planning decisions into clear, cross-functional language"
464,SCM,43,1.9.1,Təchizat Zənciri üzrə Peşəkar Keyfiyyətlər,1.9 Davamlı Təkmilləşdirmə Yanaşması,1.9.1 Proses səmərəsizliklərini müəyyən etmək və lean/six sigma təşəbbüslərinə liderlik etmək,Supply Chain Professional Attributes,1.9 Continuous Improvement Mindset,1.9.1 Identify process inefficiencies and champion lean/six sigma initiatives
465,SCM,44,1.10.1,Təchizat Zənciri üzrə Peşəkar Keyfiyyətlər,1.10 Etik Satınalma və Uyğunluq,"1.10.1 Təchizatçı seçimi, qiymətqoyma və rüşvət əleyhinə standartlarda dürüstlüyü qorumaq",Supply Chain Professional Attributes,1.10 Ethical Procurement & Compliance,"1.10.1 Uphold integrity in supplier choices, pricing, and anti-bribery standards"
466,SCM,45,1.11.1,Təchizat Zənciri üzrə Peşəkar Keyfiyyətlər,1.11 Mədəniyyətlərarası Əməkdaşlıq,"1.11.1 Müxtəlif coğrafiyalar, təchizatçılar və mədəni kontekstlər üzrə effektiv işləmək",Supply Chain Professional Attributes,1.11 Cross-Cultural Collaboration,"1.11.1 Work effectively across geographies, suppliers, and cultural contexts"
467,SCM,46,1.12.1,Təchizat Zənciri üzrə Peşəkar Keyfiyyətlər,1.12 Ssenari Çevikliyi,"1.12.1 Tələb, ehtiyat və ya gücdə real vaxt dəyişikliklərinə əsasən planları uyğunlaşdırmaq",Supply Chain Professional Attributes,1.12 Scenario Agility,"1.12.1 Adjust plans based on real-time changes in demand, inventory, or capacity"
468,SCM,47,1.13.1,Təchizat Zənciri üzrə Peşəkar Keyfiyyətlər,1.13 Eskalasiya Mühakiməsi,1.13.1 Məsələləri nə vaxt eskalasiya etməyi və nə vaxt müstəqil həll etməyi bilmək,Supply Chain Professional Attributes,1.13 Escalation Judgment,1.13.1 Know when to escalate issues and when to solve them autonomously
469,SCM,48,1.14.1,Təchizat Zənciri üzrə Peşəkar Keyfiyyətlər,1.14 Müştəriyönümlülük,1.14.1 İcra qərarlarını müştəri xidməti hədəfləri və SLA-lar əsasında prioritetləşdirmək,Supply Chain Professional Attributes,1.14 Customer Centricity,1.14.1 Prioritize fulfillment decisions based on customer service goals and SLAs
470,HRM,1,1.1.1,1 İnsan Resurslarının İdarə Edilməsi (Funksional),1.1 HR Strategiyası və İşçi Qüvvəsinin Planlaşdırılması,1.1.1 HR strategiyasını korporativ və biznes strategiyaları ilə uyğunlaşdırmaq,1 Human Resource Management (Functional),1.1 HR Strategy & Workforce Planning,1.1.1 Align HR strategy with corporate and business strategies
471,HRM,2,1.1.2,1 İnsan Resurslarının İdarə Edilməsi (Funksional),1.1 HR Strategiyası və İşçi Qüvvəsinin Planlaşdırılması,1.1.2 Rol və bacarıqlar üzrə işçi qüvvəsinə olan tələbatı və təklifi proqnozlaşdırmaq,1 Human Resource Management (Functional),1.1 HR Strategy & Workforce Planning,1.1.2 Forecast workforce demand and supply across roles and skills
472,HRM,3,1.1.3,1 İnsan Resurslarının İdarə Edilməsi (Funksional),1.1 HR Strategiyası və İşçi Qüvvəsinin Planlaşdırılması,1.1.3 Səriştə boşluqlarını nəzərə alan işçi qüvvəsi planları hazırlamaq,1 Human Resource Management (Functional),1.1 HR Strategy & Workforce Planning,1.1.3 Develop workforce plans addressing capability gaps
473,HRM,4,1.1.4,1 İnsan Resurslarının İdarə Edilməsi (Funksional),1.1 HR Strategiyası və İşçi Qüvvəsinin Planlaşdırılması,1.1.4 İşçi qüvvəsi göstəricilərini izləmək və planları proaktiv şəkildə yeniləmək,1 Human Resource Management (Functional),1.1 HR Strategy & Workforce Planning,1.1.4 Monitor workforce metrics and adjust plans proactively
474,HRM,5,1.2.1,1 İnsan Resurslarının İdarə Edilməsi (Funksional),1.2 Talantların Cəlb Edilməsi və İşəgötürən Brendi,1.2.1 İşçi qüvvəsi planlarına uyğun talant cəlbetmə strategiyaları hazırlamaq,1 Human Resource Management (Functional),1.2 Talent Acquisition & Employer Branding,1.2.1 Design talent acquisition strategies aligned with workforce plans
475,HRM,6,1.2.2,1 İnsan Resurslarının İdarə Edilməsi (Funksional),1.2 Talantların Cəlb Edilməsi və İşəgötürən Brendi,1.2.2 Vakansiyanın elanından seçimədək bütün işə qəbul prosesini idarə etmək,1 Human Resource Management (Functional),1.2 Talent Acquisition & Employer Branding,1.2.2 Manage end-to-end recruitment and selection processes
476,HRM,7,1.2.3,1 İnsan Resurslarının İdarə Edilməsi (Funksional),1.2 Talantların Cəlb Edilməsi və İşəgötürən Brendi,1.2.3 İşəgötürən dəyər təklifini formalaşdırmaq və təşviq etmək,1 Human Resource Management (Functional),1.2 Talent Acquisition & Employer Branding,1.2.3 Build and promote employer value proposition
477,HRM,8,1.2.4,1 İnsan Resurslarının İdarə Edilməsi (Funksional),1.2 Talantların Cəlb Edilməsi və İşəgötürən Brendi,"1.2.4 Ədalətli, uyğunluğa əsaslanan və məlumatla dəstəklənən işə qəbul qərarlarını təmin etmək",1 Human Resource Management (Functional),1.2 Talent Acquisition & Employer Branding,"1.2.4 Ensure fair, compliant, and data-driven hiring decisions"
478,HRM,9,1.3.1,1 İnsan Resurslarının İdarə Edilməsi (Funksional),1.3 Öyrənmə və İnkişaf Strategiyası,1.3.1 Müəssisə üzrə öyrənmə və səriştələrin inkişafı strategiyasını müəyyən etmək,1 Human Resource Management (Functional),1.3 Learning & Development Strategy,1.3.1 Define enterprise learning and capability development strategy
479,HRM,10,1.3.2,1 İnsan Resurslarının İdarə Edilməsi (Funksional),1.3 Öyrənmə və İnkişaf Strategiyası,1.3.2 Öyrənmə prioritetlərini biznes və işçi qüvvəsi planları ilə uyğunlaşdırmaq,1 Human Resource Management (Functional),1.3 Learning & Development Strategy,1.3.2 Align learning priorities with business and workforce plans
480,HRM,11,1.3.3,1 İnsan Resurslarının İdarə Edilməsi (Funksional),1.3 Öyrənmə və İnkişaf Strategiyası,1.3.3 Öyrənmə investisiyaları üçün idarəetmə çərçivəsi yaratmaq,1 Human Resource Management (Functional),1.3 Learning & Development Strategy,1.3.3 Establish governance for learning investments
481,HRM,12,1.3.4,1 İnsan Resurslarının İdarə Edilməsi (Funksional),1.3 Öyrənmə və İnkişaf Strategiyası,1.3.4 Öyrənmə təşəbbüslərinin strateji təsirini ölçmək,1 Human Resource Management (Functional),1.3 Learning & Development Strategy,1.3.4 Measure strategic impact of learning initiatives
482,HRM,13,1.4.1,1 İnsan Resurslarının İdarə Edilməsi (Funksional),1.4 Səriştə və Bacarıq Arxitekturası,1.4.1 Səriştə modellərini və bacarıq taksonomiyalarını müəyyən etmək,1 Human Resource Management (Functional),1.4 Capability & Skills Architecture,1.4.1 Define competency models and skills taxonomies
483,HRM,14,1.4.2,1 İnsan Resurslarının İdarə Edilməsi (Funksional),1.4 Səriştə və Bacarıq Arxitekturası,1.4.2 Mövcud və gələcək bacarıq tələblərini xəritələndirmək,1 Human Resource Management (Functional),1.4 Capability & Skills Architecture,1.4.2 Map current and future skill requirements
484,HRM,15,1.4.3,1 İnsan Resurslarının İdarə Edilməsi (Funksional),1.4 Səriştə və Bacarıq Arxitekturası,1.4.3 Kritik səriştə boşluqlarını müəyyən etmək,1 Human Resource Management (Functional),1.4 Capability & Skills Architecture,1.4.3 Identify critical capability gaps
485,HRM,16,1.4.4,1 İnsan Resurslarının İdarə Edilməsi (Funksional),1.4 Səriştə və Bacarıq Arxitekturası,1.4.4 Bacarıq məlumatlarını işçi qüvvəsi planlamasına inteqrasiya etmək,1 Human Resource Management (Functional),1.4 Capability & Skills Architecture,1.4.4 Integrate skills data into workforce planning
486,HRM,17,1.5.1,1 İnsan Resurslarının İdarə Edilməsi (Funksional),1.5 Öyrənmənin Dizaynı və Təqdimatı,1.5.1 Qarışıq öyrənmə səyahətlərini və kurikulumları dizayn etmək,1 Human Resource Management (Functional),1.5 Learning Design & Delivery,1.5.1 Design blended learning journeys and curricula
487,HRM,18,1.5.2,1 İnsan Resurslarının İdarə Edilməsi (Funksional),1.5 Öyrənmənin Dizaynı və Təqdimatı,"1.5.2 Rəqəmsal, sinifdaxili və iş üzərində öyrənmə həlləri hazırlamaq",1 Human Resource Management (Functional),1.5 Learning Design & Delivery,"1.5.2 Develop digital, classroom, and on-the-job learning"
488,HRM,19,1.5.3,1 İnsan Resurslarının İdarə Edilməsi (Funksional),1.5 Öyrənmənin Dizaynı və Təqdimatı,1.5.3 Daxili və xarici təlim provayderlərini idarə etmək,1 Human Resource Management (Functional),1.5 Learning Design & Delivery,1.5.3 Manage internal and external learning providers
489,HRM,20,1.5.4,1 İnsan Resurslarının İdarə Edilməsi (Funksional),1.5 Öyrənmənin Dizaynı və Təqdimatı,1.5.4 Öyrənmənin keyfiyyətini və relevantlığını təmin etmək,1 Human Resource Management (Functional),1.5 Learning Design & Delivery,1.5.4 Ensure learning quality and relevance
490,HRM,21,1.6.1,1 İnsan Resurslarının İdarə Edilməsi (Funksional),1.6 Liderliyin İnkişafı,1.6.1 Liderliyin inkişafı çərçivələrini dizayn etmək,1 Human Resource Management (Functional),1.6 Leadership Development,1.6.1 Design leadership development frameworks
491,HRM,22,1.6.2,1 İnsan Resurslarının İdarə Edilməsi (Funksional),1.6 Liderliyin İnkişafı,1.6.2 Bütün liderlik səviyyələri üçün inkişaf hovuzları yaratmaq,1 Human Resource Management (Functional),1.6 Leadership Development,1.6.2 Build pipelines for all leadership levels
492,HRM,23,1.6.3,1 İnsan Resurslarının İdarə Edilməsi (Funksional),1.6 Liderliyin İnkişafı,"1.6.3 Kouçinq, qiymətləndirmə və geribildirim alətlərini tətbiq etmək",1 Human Resource Management (Functional),1.6 Leadership Development,"1.6.3 Apply coaching, assessment, and feedback tools"
493,HRM,24,1.6.4,1 İnsan Resurslarının İdarə Edilməsi (Funksional),1.6 Liderliyin İnkişafı,1.6.4 Liderlik hazırlığını və ehtiyat kadr gücünü ölçmək,1 Human Resource Management (Functional),1.6 Leadership Development,1.6.4 Measure leadership readiness and bench strength
494,HRM,25,1.7.1,1 İnsan Resurslarının İdarə Edilməsi (Funksional),1.7 Performansın İdarə Edilməsi,1.7.1 Performans idarəetməsi çərçivələrini dizayn etmək,1 Human Resource Management (Functional),1.7 Performance Management,1.7.1 Design performance management frameworks
495,HRM,26,1.7.2,1 İnsan Resurslarının İdarə Edilməsi (Funksional),1.7 Performansın İdarə Edilməsi,1.7.2 Strategiyaya uyğun məqsədlər və KPI-lar müəyyən etmək,1 Human Resource Management (Functional),1.7 Performance Management,1.7.2 Set objectives and KPIs aligned to strategy
496,HRM,27,1.7.3,1 İnsan Resurslarının İdarə Edilməsi (Funksional),1.7 Performansın İdarə Edilməsi,1.7.3 Ədalətli qiymətləndirmə və kalibrləmə proseslərini fasilitasiya etmək,1 Human Resource Management (Functional),1.7 Performance Management,1.7.3 Facilitate fair reviews and calibration
497,HRM,28,1.7.4,1 İnsan Resurslarının İdarə Edilməsi (Funksional),1.7 Performansın İdarə Edilməsi,1.7.4 Performansı mükafatlandırma və inkişafla əlaqələndirmək,1 Human Resource Management (Functional),1.7 Performance Management,1.7.4 Link performance to rewards and development
498,HRM,29,1.8.1,1 İnsan Resurslarının İdarə Edilməsi (Funksional),1.8 Varisliyin Planlaşdırılması və Talantların İdarə Edilməsi,1.8.1 Kritik rolları və talant hovuzlarını müəyyən etmək,1 Human Resource Management (Functional),1.8 Succession Planning & Talent Management,1.8.1 Identify critical roles and talent pools
499,HRM,30,1.8.2,1 İnsan Resurslarının İdarə Edilməsi (Funksional),1.8 Varisliyin Planlaşdırılması və Talantların İdarə Edilməsi,1.8.2 Potensialı və hazırlıq səviyyəsini qiymətləndirmək,1 Human Resource Management (Functional),1.8 Succession Planning & Talent Management,1.8.2 Assess potential and readiness
500,HRM,31,1.8.3,1 İnsan Resurslarının İdarə Edilməsi (Funksional),1.8 Varisliyin Planlaşdırılması və Talantların İdarə Edilməsi,1.8.3 Hədəflənmiş planlar vasitəsilə varisləri inkişaf etdirmək,1 Human Resource Management (Functional),1.8 Succession Planning & Talent Management,1.8.3 Develop successors through targeted plans
501,HRM,32,1.8.4,1 İnsan Resurslarının İdarə Edilməsi (Funksional),1.8 Varisliyin Planlaşdırılması və Talantların İdarə Edilməsi,1.8.4 Varislik risklərini və ehtiyat kadr gücünü izləmək,1 Human Resource Management (Functional),1.8 Succession Planning & Talent Management,1.8.4 Monitor succession risks and bench strength
502,HRM,33,1.9.1,1 İnsan Resurslarının İdarə Edilməsi (Funksional),1.9 Mükafatlandırma və Benefislər,1.9.1 Rəqabətqabiliyyətli mükafatlandırma çərçivələri hazırlamaq,1 Human Resource Management (Functional),1.9 Compensation & Benefits,1.9.1 Design competitive reward frameworks
503,HRM,34,1.9.2,1 İnsan Resurslarının İdarə Edilməsi (Funksional),1.9 Mükafatlandırma və Benefislər,"1.9.2 Əməkhaqqı, təşviq və bonus sxemlərini idarə etmək",1 Human Resource Management (Functional),1.9 Compensation & Benefits,"1.9.2 Manage salary, incentive, and bonus schemes"
504,HRM,35,1.9.3,1 İnsan Resurslarının İdarə Edilməsi (Funksional),1.9 Mükafatlandırma və Benefislər,1.9.3 Daxili ədalətliliyi və bazar rəqabətqabiliyyətliliyini təmin etmək,1 Human Resource Management (Functional),1.9 Compensation & Benefits,1.9.3 Ensure internal equity and market competitiveness
505,HRM,36,1.9.4,1 İnsan Resurslarının İdarə Edilməsi (Funksional),1.9 Mükafatlandırma və Benefislər,1.9.4 Vergi və əmək qanunvericiliyinə uyğunluğu qorumaq,1 Human Resource Management (Functional),1.9 Compensation & Benefits,1.9.4 Maintain compliance with tax and labor laws
506,HRM,37,1.10.1,1 İnsan Resurslarının İdarə Edilməsi (Funksional),1.10 Əməkdaş Münasibətləri və Əmək Hüququ,1.10.1 Əməkdaş münasibətlərini və şikayət hallarını idarə etmək,1 Human Resource Management (Functional),1.10 Employee Relations & Labor Law,1.10.1 Manage employee relations and grievance cases
507,HRM,38,1.10.2,1 İnsan Resurslarının İdarə Edilməsi (Funksional),1.10 Əməkdaş Münasibətləri və Əmək Hüququ,1.10.2 Əmək qanunvericiliyini və daxili siyasətləri tətbiq etmək,1 Human Resource Management (Functional),1.10 Employee Relations & Labor Law,1.10.2 Apply labor law and internal policies
508,HRM,39,1.10.3,1 İnsan Resurslarının İdarə Edilməsi (Funksional),1.10 Əməkdaş Münasibətləri və Əmək Hüququ,1.10.3 Araşdırmalar və intizam tədbirləri aparmaq,1 Human Resource Management (Functional),1.10 Employee Relations & Labor Law,1.10.3 Conduct investigations and disciplinary actions
509,HRM,40,1.10.4,1 İnsan Resurslarının İdarə Edilməsi (Funksional),1.10 Əməkdaş Münasibətləri və Əmək HüquQU,1.10.4 Konstruktiv əməkdaş münasibətlərini qorumaq,1 Human Resource Management (Functional),1.10 Employee Relations & Labor Law,1.10.4 Maintain constructive employee relations
510,HRM,41,1.11.1,1 İnsan Resurslarının İdarə Edilməsi (Funksional),1.11 HR Əməliyyatları və Əməkdaşın Həyat Dövrü,"1.11.1 Onboarding, daxili mobillik və offboarding proseslərini idarə etmək",1 Human Resource Management (Functional),1.11 HR Operations & Employee Lifecycle,"1.11.1 Manage onboarding, mobility, and offboarding"
511,HRM,42,1.11.2,1 İnsan Resurslarının İdarə Edilməsi (Funksional),1.11 HR Əməliyyatları və Əməkdaşın Həyat Dövrü,1.11.2 Əməkdaş məlumatlarının dəqiqliyini təmin etmək,1 Human Resource Management (Functional),1.11 HR Operations & Employee Lifecycle,1.11.2 Maintain accurate employee data
512,HRM,43,1.11.3,1 İnsan Resurslarının İdarə Edilməsi (Funksional),1.11 HR Əməliyyatları və Əməkdaşın Həyat Dövrü,1.11.3 HR xidmətlərini ardıcıl şəkildə təqdim etmək,1 Human Resource Management (Functional),1.11 HR Operations & Employee Lifecycle,1.11.3 Deliver HR services consistently
513,HRM,44,1.11.4,1 İnsan Resurslarının İdarə Edilməsi (Funksional),1.11 HR Əməliyyatları və Əməkdaşın Həyat Dövrü,1.11.4 Müsbət əməkdaş təcrübəsini təmin etmək,1 Human Resource Management (Functional),1.11 HR Operations & Employee Lifecycle,1.11.4 Ensure positive employee experience
514,HRM,45,1.12.1,1 İnsan Resurslarının İdarə Edilməsi (Funksional),1.12 HR Analitikası və Sistemlər,1.12.1 HR metriklərini və dashboard-ları müəyyən etmək,1 Human Resource Management (Functional),1.12 HR Analytics & Systems,1.12.1 Define HR metrics and dashboards
515,HRM,46,1.12.2,1 İnsan Resurslarının İdarə Edilməsi (Funksional),1.12 HR Analitikası və Sistemlər,1.12.2 HRIS və rəqəmsal alətlərdən səmərəli istifadə etmək,1 Human Resource Management (Functional),1.12 HR Analytics & Systems,1.12.2 Use HRIS and digital tools effectively
516,HRM,47,1.12.3,1 İnsan Resurslarının İdarə Edilməsi (Funksional),1.12 HR Analitikası və Sistemlər,1.12.3 Qərarları dəstəkləmək üçün məlumatları təhlil etmək,1 Human Resource Management (Functional),1.12 HR Analytics & Systems,1.12.3 Analyze data to support decisions
517,HRM,48,1.12.4,1 İnsan Resurslarının İdarə Edilməsi (Funksional),1.12 HR Analitikası və Sistemlər,1.12.4 Məlumat məxfiliyini və idarəetməni təmin etmək,1 Human Resource Management (Functional),1.12 HR Analytics & Systems,1.12.4 Ensure data privacy and governance
518,HRM,49,1.13.1,1 İnsan Resurslarının İdarə Edilməsi (Funksional),1.13 Təşkilati Dizayn və Dəyişikliklərin İdarə Edilməsi,1.13.1 Təşkilati strukturları dizayn etmək,1 Human Resource Management (Functional),1.13 Organization Design & Change,1.13.1 Design organizational structures
519,HRM,50,1.13.2,1 İnsan Resurslarının İdarə Edilməsi (Funksional),1.13 Təşkilati Dizayn və Dəyişikliklərin İdarə Edilməsi,1.13.2 Transformasiya təşəbbüslərini dəstəkləmək,1 Human Resource Management (Functional),1.13 Organization Design & Change,1.13.2 Support transformation initiatives
520,HRM,51,1.13.3,1 İnsan Resurslarının İdarə Edilməsi (Funksional),1.13 Təşkilati Dizayn və Dəyişikliklərin İdarə Edilməsi,1.13.3 Dəyişikliklərin təsirini və adaptasiyanı idarə etmək,1 Human Resource Management (Functional),1.13 Organization Design & Change,1.13.3 Manage change impact and adoption
521,HRM,52,1.13.4,1 İnsan Resurslarının İdarə Edilməsi (Funksional),1.13 Təşkilati Dizayn və Dəyişikliklərin İdarə Edilməsi,1.13.4 Dəyişiklikdən sonrakı effektivliyi qiymətləndirmək,1 Human Resource Management (Functional),1.13 Organization Design & Change,1.13.4 Evaluate post-change effectiveness
522,HRM,53,2.1.1,2 Liderlik və Peşəkar Effektivlik (Davranış),2.1 Strateji Düşüncə və Biznes Anlayışı,2.1.1 Biznes strategiyasını insan prioritetlərinə çevirmək,2 Leadership & Professional Effectiveness (Behavioral),2.1 Strategic Thinking & Business Acumen,2.1.1 Translate business strategy into people priorities
523,HRM,54,2.1.2,2 Liderlik və Peşəkar Effektivlik (Davranış),2.1 Strateji Düşüncə və Biznes Anlayışı,2.1.2 Maliyyə və əməliyyat drayverlərini anlamaq,2 Leadership & Professional Effectiveness (Behavioral),2.1 Strategic Thinking & Business Acumen,2.1.2 Understand financial and operational drivers
524,HRM,55,2.1.3,2 Liderlik və Peşəkar Effektivlik (Davranış),2.1 Strateji Düşüncə və Biznes Anlayışı,2.1.3 Qərarların insanlara təsirini qabaqcadan görmək,2 Leadership & Professional Effectiveness (Behavioral),2.1 Strategic Thinking & Business Acumen,2.1.3 Anticipate people implications of decisions
525,HRM,56,2.1.4,2 Liderlik və Peşəkar Effektivlik (Davranış),2.1 Strateji Düşüncə və Biznes Anlayışı,2.1.4 Qısamüddətli nəticələrlə uzunmüddətli səriştə inkişafı arasında balans yaratmaq,2 Leadership & Professional Effectiveness (Behavioral),2.1 Strategic Thinking & Business Acumen,2.1.4 Balance short-term delivery with long-term capability
526,HRM,57,2.2.1,2 Liderlik və Peşəkar Effektivlik (Davranış),2.2 Maraqlı Tərəflərin İdarə Edilməsi və Təsir Etmə,2.2.1 Etimada əsaslanan münasibətlər qurmaq,2 Leadership & Professional Effectiveness (Behavioral),2.2 Stakeholder Management & Influence,2.2.1 Build trusted relationships
527,HRM,58,2.2.2,2 Liderlik və Peşəkar Effektivlik (Davranış),2.2 Maraqlı Tərəflərin İdarə Edilməsi və Təsir Etmə,2.2.2 İnsaytlardan istifadə edərək qərarlara təsir göstərmək,2 Leadership & Professional Effectiveness (Behavioral),2.2 Stakeholder Management & Influence,2.2.2 Influence decisions using insight
528,HRM,59,2.2.3,2 Liderlik və Peşəkar Effektivlik (Davranış),2.2 Maraqlı Tərəflərin İdarə Edilməsi və Təsir Etmə,2.2.3 Münaqişələri konstruktiv şəkildə idarə etmək,2 Leadership & Professional Effectiveness (Behavioral),2.2 Stakeholder Management & Influence,2.2.3 Manage conflict constructively
529,HRM,60,2.2.4,2 Liderlik və Peşəkar Effektivlik (Davranış),2.2 Maraqlı Tərəflərin İdarə Edilməsi və Təsir Etmə,2.2.4 Funksiyalar arasında effektiv tərəfdaşlıq qurmaq,2 Leadership & Professional Effectiveness (Behavioral),2.2 Stakeholder Management & Influence,2.2.4 Partner effectively across functions
530,HRM,61,2.3.1,2 Liderlik və Peşəkar Effektivlik (Davranış),2.3 Etik Mühakimə və Dürüstlük,2.3.1 Etik və peşəkar standartları tətbiq etmək,2 Leadership & Professional Effectiveness (Behavioral),2.3 Ethical Judgment & Integrity,2.3.1 Apply ethical and professional standards
531,HRM,62,2.3.2,2 Liderlik və Peşəkar Effektivlik (Davranış),2.3 Etik Mühakimə və Dürüstlük,2.3.2 Məxfiliyi qorumaq,2 Leadership & Professional Effectiveness (Behavioral),2.3 Ethical Judgment & Integrity,2.3.2 Maintain confidentiality
532,HRM,63,2.3.3,2 Liderlik və Peşəkar Effektivlik (Davranış),2.3 Etik Mühakimə və Dürüstlük,2.3.3 Ədalətli və ardıcıl davranmaq,2 Leadership & Professional Effectiveness (Behavioral),2.3 Ethical Judgment & Integrity,2.3.3 Act with fairness and consistency
533,HRM,64,2.3.4,2 Liderlik və Peşəkar Effektivlik (Davranış),2.3 Etik Mühakimə və Dürüstlük,2.3.4 Qeyri-etik davranışa qarşı çıxmaq,2 Leadership & Professional Effectiveness (Behavioral),2.3 Ethical Judgment & Integrity,2.3.4 Challenge unethical behavior
534,HRM,65,2.4.1,2 Liderlik və Peşəkar Effektivlik (Davranış),2.4 Dəyişiklik və Öyrənmə Çevikliyi,2.4.1 Dəyişən biznes ehtiyaclarına uyğunlaşmaq,2 Leadership & Professional Effectiveness (Behavioral),2.4 Change & Learning Agility,2.4.1 Adapt to evolving business needs
535,HRM,66,2.4.2,2 Liderlik və Peşəkar Effektivlik (Davranış),2.4 Dəyişiklik və Öyrənmə Çevikliyi,2.4.2 Yeni təcrübələri öyrənmək və tətbiq etmək,2 Leadership & Professional Effectiveness (Behavioral),2.4 Change & Learning Agility,2.4.2 Learn and apply new practices
536,HRM,67,2.4.3,2 Liderlik və Peşəkar Effektivlik (Davranış),2.4 Dəyişiklik və Öyrənmə Çevikliyi,2.4.3 Digərlərini dəyişiklikdən keçirmək,2 Leadership & Professional Effectiveness (Behavioral),2.4 Change & Learning Agility,2.4.3 Lead others through change
537,HRM,68,2.4.4,2 Liderlik və Peşəkar Effektivlik (Davranış),2.4 Dəyişiklik və Öyrənmə Çevikliyi,2.4.4 HR-in təsirini davamlı şəkildə artırmaq,2 Leadership & Professional Effectiveness (Behavioral),2.4 Change & Learning Agility,2.4.4 Continuously improve HR impact
538,HRM,69,2.5.1,2 Liderlik və Peşəkar Effektivlik (Davranış),2.5 Hesabatlılıq və Sahiblik,2.5.1 HR nəticələrinə sahiblik göstərmək,2 Leadership & Professional Effectiveness (Behavioral),2.5 Accountability & Ownership,2.5.1 Take ownership of HR outcomes
539,HRM,70,2.5.2,2 Liderlik və Peşəkar Effektivlik (Davranış),2.5 Hesabatlılıq və Sahiblik,2.5.2 Öhdəlikləri etibarlı şəkildə yerinə yetirmək,2 Leadership & Professional Effectiveness (Behavioral),2.5 Accountability & Ownership,2.5.2 Deliver commitments reliably
540,HRM,71,2.5.3,2 Liderlik və Peşəkar Effektivlik (Davranış),2.5 Hesabatlılıq və Sahiblik,2.5.3 Geribildirim əsasında hərəkət etmək,2 Leadership & Professional Effectiveness (Behavioral),2.5 Accountability & Ownership,2.5.3 Act on feedback
541,HRM,72,2.5.4,2 Liderlik və Peşəkar Effektivlik (Davranış),2.5 Hesabatlılıq və Sahiblik,2.5.4 Peşəkarlıq və dayanıqlılıq nümunəsi olmaq,2 Leadership & Professional Effectiveness (Behavioral),2.5 Accountability & Ownership,2.5.4 Model professionalism and resilience
542,RSK,1,1.1.1,1 Risklərin İdarə Edilməsi (Funksional),1.1 Müəssisə üzrə Risk Çərçivəsi və İdarəetmə,1.1.1 Müəssisə miqyasında risklərin idarə edilməsi çərçivələrini hazırlamaq və davamlı saxlamaq,1 Risk Management (Functional),1.1 Enterprise Risk Framework & Governance,1.1.1 Design and maintain enterprise-wide risk management frameworks
543,RSK,2,1.1.2,1 Risklərin İdarə Edilməsi (Funksional),1.1 Müəssisə üzrə Risk Çərçivəsi və İdarəetmə,"1.1.2 Risk idarəetmə strukturlarını, rolları və eskalasiya protokollarını müəyyən etmək",1 Risk Management (Functional),1.1 Enterprise Risk Framework & Governance,"1.1.2 Define risk governance structures, roles, and escalation protocols"
544,RSK,3,1.1.3,1 Risklərin İdarə Edilməsi (Funksional),1.1 Müəssisə üzrə Risk Çərçivəsi və İdarəetmə,"1.1.3 Risk siyasətlərini, metodologiyalarını və standartlarını formalaşdırmaq",1 Risk Management (Functional),1.1 Enterprise Risk Framework & Governance,"1.1.3 Establish risk policies, methodologies, and standards"
545,RSK,4,1.1.4,1 Risklərin İdarə Edilməsi (Funksional),1.1 Müəssisə üzrə Risk Çərçivəsi və İdarəetmə,1.1.4 Korporativ strategiya və tənzimləyici gözləntilərlə uyğunluğu təmin etmək,1 Risk Management (Functional),1.1 Enterprise Risk Framework & Governance,1.1.4 Ensure alignment with corporate strategy and regulatory expectations
546,RSK,5,1.2.1,1 Risklərin İdarə Edilməsi (Funksional),1.2 Risklərin Müəyyənləşdirilməsi və Qiymətləndirilməsi,"1.2.1 Strateji, əməliyyat, maliyyə və uyğunluq risklərini müəyyən etmək",1 Risk Management (Functional),1.2 Risk Identification & Assessment,"1.2.1 Identify strategic, operational, financial, and compliance risks"
547,RSK,6,1.2.2,1 Risklərin İdarə Edilməsi (Funksional),1.2 Risklərin Müəyyənləşdirilməsi və Qiymətləndirilməsi,1.2.2 Keyfiyyət və kəmiyyət əsaslı risk qiymətləndirmələri aparmaq,1 Risk Management (Functional),1.2 Risk Identification & Assessment,1.2.2 Conduct qualitative and quantitative risk assessments
548,RSK,7,1.2.3,1 Risklərin İdarə Edilməsi (Funksional),1.2 Risklərin Müəyyənləşdirilməsi və Qiymətləndirilməsi,"1.2.3 Riskin ehtimalını, təsirini, sürətini və qarşılıqlı asılılıqlarını qiymətləndirmək",1 Risk Management (Functional),1.2 Risk Identification & Assessment,"1.2.3 Assess risk likelihood, impact, velocity, and interdependencies"
549,RSK,8,1.2.4,1 Risklərin İdarə Edilməsi (Funksional),1.2 Risklərin Müəyyənləşdirilməsi və Qiymətləndirilməsi,1.2.4 Müəssisə üzrə risk reyestrlərini qorumaq və yeniləmək,1 Risk Management (Functional),1.2 Risk Identification & Assessment,1.2.4 Maintain and update enterprise risk registers
550,RSK,9,1.3.1,1 Risklərin İdarə Edilməsi (Funksional),1.3 Riskin Azaldılması və Nəzarət Dizaynı,1.3.1 Preventiv və aşkar edici risk nəzarət mexanizmlərini dizayn etmək,1 Risk Management (Functional),1.3 Risk Mitigation & Control Design,1.3.1 Design preventive and detective risk controls
551,RSK,10,1.3.2,1 Risklərin İdarə Edilməsi (Funksional),1.3 Riskin Azaldılması və Nəzarət Dizaynı,1.3.2 Riskə cavab tədbirləri planlarını və məsul sahibliyini müəyyən etmək,1 Risk Management (Functional),1.3 Risk Mitigation & Control Design,1.3.2 Define risk treatment plans and ownership
552,RSK,11,1.3.3,1 Risklərin İdarə Edilməsi (Funksional),1.3 Riskin Azaldılması və Nəzarət Dizaynı,1.3.3 Nəzarət mexanizmlərinin xərc-fayda nisbətini və effektivliyini qiymətləndirmək,1 Risk Management (Functional),1.3 Risk Mitigation & Control Design,1.3.3 Evaluate cost-benefit and effectiveness of controls
553,RSK,12,1.3.4,1 Risklərin İdarə Edilməsi (Funksional),1.3 Riskin Azaldılması və Nəzarət Dizaynı,1.3.4 Nəzarət mexanizmlərini biznes proseslərinə inteqrasiya etmək,1 Risk Management (Functional),1.3 Risk Mitigation & Control Design,1.3.4 Embed controls into business processes
554,RSK,13,1.4.1,1 Risklərin İdarə Edilməsi (Funksional),1.4 Risk Monitorinqi və Hesabatlılıq,1.4.1 Əsas risk göstəricilərini və monitorinq dashboard-larını hazırlamaq,1 Risk Management (Functional),1.4 Risk Monitoring & Reporting,1.4.1 Develop key risk indicators and monitoring dashboards
555,RSK,14,1.4.2,1 Risklərin İdarə Edilməsi (Funksional),1.4 Risk Monitorinqi və Hesabatlılıq,1.4.2 Yaranmaqda olan riskləri və risk məruz qalmasındakı dəyişiklikləri izləmək,1 Risk Management (Functional),1.4 Risk Monitoring & Reporting,1.4.2 Track emerging risks and changes in risk exposure
556,RSK,15,1.4.3,1 Risklərin İdarə Edilməsi (Funksional),1.4 Risk Monitorinqi və Hesabatlılıq,1.4.3 İcra rəhbərliyi və idarə heyətləri üçün risk hesabatları hazırlamaq,1 Risk Management (Functional),1.4 Risk Monitoring & Reporting,1.4.3 Prepare risk reports for executive management and boards
557,RSK,16,1.4.4,1 Risklərin İdarə Edilməsi (Funksional),1.4 Risk Monitorinqi və Hesabatlılıq,1.4.4 Kritik riskləri vaxtında və strukturlaşdırılmış şəkildə eskalasiya etmək,1 Risk Management (Functional),1.4 Risk Monitoring & Reporting,1.4.4 Escalate critical risks in a timely and structured manner
558,RSK,17,1.5.1,1 Risklərin İdarə Edilməsi (Funksional),1.5 Uyğunluq və Tənzimləyici Risk,1.5.1 Tənzimləyici və hüquqi tələbləri şərh etmək və tətbiq etmək,1 Risk Management (Functional),1.5 Compliance & Regulatory Risk,1.5.1 Interpret and apply regulatory and legal requirements
559,RSK,18,1.5.2,1 Risklərin İdarə Edilməsi (Funksional),1.5 Uyğunluq və Tənzimləyici Risk,1.5.2 Uyğunluq risklərini və nəzarət boşluqlarını qiymətləndirmək,1 Risk Management (Functional),1.5 Compliance & Regulatory Risk,1.5.2 Assess compliance risks and control gaps
560,RSK,19,1.5.3,1 Risklərin İdarə Edilməsi (Funksional),1.5 Uyğunluq və Tənzimləyici Risk,"1.5.3 Hüquq, uyğunluq və audit funksiyaları ilə koordinasiya etmək",1 Risk Management (Functional),1.5 Compliance & Regulatory Risk,"1.5.3 Coordinate with legal, compliance, and audit functions"
561,RSK,20,1.5.4,1 Risklərin İdarə Edilməsi (Funksional),1.5 Uyğunluq və Tənzimləyici Risk,1.5.4 Tənzimləyici yoxlamalara və düzəldici tədbirlərə dəstək vermək,1 Risk Management (Functional),1.5 Compliance & Regulatory Risk,1.5.4 Support regulatory inspections and remediation actions
562,RSK,21,1.6.1,1 Risklərin İdarə Edilməsi (Funksional),1.6 Əməliyyat və Proses Riski,1.6.1 Proses səviyyəli riskləri və uğursuzluq nöqtələrini təhlil etmək,1 Risk Management (Functional),1.6 Operational & Process Risk,1.6.1 Analyze process-level risks and failure points
563,RSK,22,1.6.2,1 Risklərin İdarə Edilməsi (Funksional),1.6 Əməliyyat və Proses Riski,"1.6.2 Autsorsinq, təchizatçı və üçüncü tərəf risklərini qiymətləndirmək",1 Risk Management (Functional),1.6 Operational & Process Risk,"1.6.2 Assess outsourcing, vendor, and third-party risks"
564,RSK,23,1.6.3,1 Risklərin İdarə Edilməsi (Funksional),1.6 Əməliyyat və Proses Riski,1.6.3 Biznes davamlılığı və dayanıqlılıq planlamasını dəstəkləmək,1 Risk Management (Functional),1.6 Operational & Process Risk,1.6.3 Support business continuity and resilience planning
565,RSK,24,1.6.4,1 Risklərin İdarə Edilməsi (Funksional),1.6 Əməliyyat və Proses Riski,"1.6.4 İnsidentləri, itkiləri və near-miss hadisələrini izləmək",1 Risk Management (Functional),1.6 Operational & Process Risk,"1.6.4 Monitor incidents, losses, and near-miss events"
566,RSK,25,1.7.1,1 Risklərin İdarə Edilməsi (Funksional),1.7 Maliyyə və Bazar Riski,"1.7.1 Kredit, likvidlik və bazar risklərinə məruz qalmanı müəyyən etmək",1 Risk Management (Functional),1.7 Financial & Market Risk,"1.7.1 Identify exposure to credit, liquidity, and market risks"
567,RSK,26,1.7.2,1 Risklərin İdarə Edilməsi (Funksional),1.7 Maliyyə və Bazar Riski,"1.7.2 Hedging, sığorta və risk transfer mexanizmlərini nəzərdən keçirmək",1 Risk Management (Functional),1.7 Financial & Market Risk,"1.7.2 Review hedging, insurance, and risk transfer mechanisms"
568,RSK,27,1.7.3,1 Risklərin İdarə Edilməsi (Funksional),1.7 Maliyyə və Bazar Riski,1.7.3 Maliyyə ssenarilərini və həssaslıqları stress-test etmək,1 Risk Management (Functional),1.7 Financial & Market Risk,1.7.3 Stress-test financial scenarios and sensitivities
569,RSK,28,1.7.4,1 Risklərin İdarə Edilməsi (Funksional),1.7 Maliyyə və Bazar Riski,1.7.4 Rəhbərliyə riskə uyğunlaşdırılmış qərarvermə üzrə məsləhət vermək,1 Risk Management (Functional),1.7 Financial & Market Risk,1.7.4 Advise leadership on risk-adjusted decision making
570,RSK,29,1.8.1,1 Risklərin İdarə Edilməsi (Funksional),1.8 Risk Mədəniyyəti və Maarifləndirmə,1.8.1 Təşkilat üzrə risk şüurunu təşviq etmək,1 Risk Management (Functional),1.8 Risk Culture & Awareness,1.8.1 Promote risk awareness across the organization
571,RSK,30,1.8.2,1 Risklərin İdarə Edilməsi (Funksional),1.8 Risk Mədəniyyəti və Maarifləndirmə,1.8.2 Risk təlimləri və bacarıqların inkişafı təşəbbüslərini həyata keçirmək,1 Risk Management (Functional),1.8 Risk Culture & Awareness,1.8.2 Deliver risk training and capability-building initiatives
572,RSK,31,1.8.3,1 Risklərin İdarə Edilməsi (Funksional),1.8 Risk Mədəniyyəti və Maarifləndirmə,1.8.3 Risk sahibliyini performans gözləntilərinə inteqrasiya etmək,1 Risk Management (Functional),1.8 Risk Culture & Awareness,1.8.3 Embed risk ownership into performance expectations
573,RSK,32,1.8.4,1 Risklərin İdarə Edilməsi (Funksional),1.8 Risk Mədəniyyəti və Maarifləndirmə,1.8.4 Şəffaf risk hesabatlılığını və eskalasiyanı təşviq etmək,1 Risk Management (Functional),1.8 Risk Culture & Awareness,1.8.4 Encourage transparent risk reporting and escalation
574,RSK,33,1.9.1,1 Risklərin İdarə Edilməsi (Funksional),"1.9 Kiber, Məlumat və Texnologiya Riski","1.9.1 Kibertəhlükəsizlik, məlumat məxfiliyi və texnologiya ilə bağlı riskləri müəyyən etmək",1 Risk Management (Functional),"1.9 Cyber, Data & Technology Risk","1.9.1 Identify cyber security, data privacy, and technology-related risks"
575,RSK,34,1.9.2,1 Risklərin İdarə Edilməsi (Funksional),"1.9 Kiber, Məlumat və Texnologiya Riski",1.9.2 İT nəzarət mexanizmlərinin və giriş idarəetməsinin yetərliliyini qiymətləndirmək,1 Risk Management (Functional),"1.9 Cyber, Data & Technology Risk",1.9.2 Assess adequacy of IT controls and access management
576,RSK,35,1.9.3,1 Risklərin İdarə Edilməsi (Funksional),"1.9 Kiber, Məlumat və Texnologiya Riski",1.9.3 Kiber insidentlərə cavab və bərpa proseslərində İT ilə əməkdaşlıq etmək,1 Risk Management (Functional),"1.9 Cyber, Data & Technology Risk",1.9.3 Collaborate with IT on cyber incident response and recovery
577,RSK,36,1.9.4,1 Risklərin İdarə Edilməsi (Funksional),"1.9 Kiber, Məlumat və Texnologiya Riski",1.9.4 Yaranmaqda olan texnologiya risklərini və tənzimləyici tələbləri izləmək,1 Risk Management (Functional),"1.9 Cyber, Data & Technology Risk",1.9.4 Monitor emerging technology risks and regulatory requirements
578,RSK,37,1.10.1,1 Risklərin İdarə Edilməsi (Funksional),1.10 ESG və Dayanıqlılıq Riski,"1.10.1 Ətraf mühit, sosial və idarəetmə risklərinə məruz qalmanı müəyyən etmək",1 Risk Management (Functional),1.10 ESG & Sustainability Risk,"1.10.1 Identify environmental, social, and governance risk exposures"
579,RSK,38,1.10.2,1 Risklərin İdarə Edilməsi (Funksional),1.10 ESG və Dayanıqlılıq Riski,"1.10.2 İqlim, təchizat zənciri və sosial təsir risklərini qiymətləndirmək",1 Risk Management (Functional),1.10 ESG & Sustainability Risk,"1.10.2 Assess climate, supply chain, and social impact risks"
580,RSK,39,1.10.3,1 Risklərin İdarə Edilməsi (Funksional),1.10 ESG və Dayanıqlılıq Riski,1.10.3 ESG risklərini müəssisə üzrə risk qiymətləndirmələrinə inteqrasiya etmək,1 Risk Management (Functional),1.10 ESG & Sustainability Risk,1.10.3 Integrate ESG risks into enterprise risk assessments
581,RSK,40,1.10.4,1 Risklərin İdarə Edilməsi (Funksional),1.10 ESG və Dayanıqlılıq Riski,1.10.4 ESG açıqlamalarını və maraqlı tərəflərə hesabatlılığı dəstəkləmək,1 Risk Management (Functional),1.10 ESG & Sustainability Risk,1.10.4 Support ESG disclosures and stakeholder reporting
582,RSK,41,1.11.1,1 Risklərin İdarə Edilməsi (Funksional),1.11 Böhran və İnsidentlərin İdarə Edilməsi,1.11.1 Böhran idarəetmə çərçivələrini hazırlamaq və davamlı saxlamaq,1 Risk Management (Functional),1.11 Crisis & Incident Management,1.11.1 Develop and maintain crisis management frameworks
583,RSK,42,1.11.2,1 Risklərin İdarə Edilməsi (Funksional),1.11 Böhran və İnsidentlərin İdarə Edilməsi,1.11.2 Böyük insidentlərə və pozuntulara cavab tədbirlərini koordinasiya etmək,1 Risk Management (Functional),1.11 Crisis & Incident Management,1.11.2 Coordinate response to major incidents and disruptions
584,RSK,43,1.11.3,1 Risklərin İdarə Edilməsi (Funksional),1.11 Böhran və İnsidentlərin İdarə Edilməsi,1.11.3 Kök səbəb təhlili və insidentdən sonrakı icmallar aparmaq,1 Risk Management (Functional),1.11 Crisis & Incident Management,1.11.3 Conduct root cause analysis and post-incident reviews
585,RSK,44,1.11.4,1 Risklərin İdarə Edilməsi (Funksional),1.11 Böhran və İnsidentlərin İdarə Edilməsi,1.11.4 Təşkilati dayanıqlılığı və hazırlıq səviyyəsini gücləndirmək,1 Risk Management (Functional),1.11 Crisis & Incident Management,1.11.4 Strengthen organizational resilience and preparedness
586,RSK,45,1.12.1,1 Risklərin İdarə Edilməsi (Funksional),"1.12 Risk Məlumatları, Alətlər və Analitika",1.12.1 Risk məlumatları standartlarını və hesabat tələblərini müəyyən etmək,1 Risk Management (Functional),"1.12 Risk Data, Tools & Analytics",1.12.1 Define risk data standards and reporting requirements
587,RSK,46,1.12.2,1 Risklərin İdarə Edilməsi (Funksional),"1.12 Risk Məlumatları, Alətlər və Analitika",1.12.2 Risk sistemlərindən və analitika alətlərindən səmərəli istifadə etmək,1 Risk Management (Functional),"1.12 Risk Data, Tools & Analytics",1.12.2 Use risk systems and analytics tools effectively
588,RSK,47,1.12.3,1 Risklərin İdarə Edilməsi (Funksional),"1.12 Risk Məlumatları, Alətlər və Analitika","1.12.3 Trendləri, korrelyasiyaları və risk konsentrasiyalarını təhlil etmək",1 Risk Management (Functional),"1.12 Risk Data, Tools & Analytics","1.12.3 Analyze trends, correlations, and risk concentrations"
589,RSK,48,1.12.4,1 Risklərin İdarə Edilməsi (Funksional),"1.12 Risk Məlumatları, Alətlər və Analitika",1.12.4 Məlumata əsaslanan insaytlar vasitəsilə qərar keyfiyyətini yaxşılaşdırmaq,1 Risk Management (Functional),"1.12 Risk Data, Tools & Analytics",1.12.4 Improve decision quality through data-driven insights
590,RSK,49,2.1.1,2 Strateji Mühakimə və Qərarvermə (Davranış),2.1 Risk-əsaslı Qərarvermə,2.1.1 Strateji və əməliyyat qərarlarına risk baxışını tətbiq etmək,2 Strategic Judgment & Decision Making (Behavioral),2.1 Risk-Based Decision Making,2.1.1 Apply risk perspectives to strategic and operational decisions
591,RSK,50,2.1.2,2 Strateji Mühakimə və Qərarvermə (Davranış),2.1 Risk-əsaslı Qərarvermə,2.1.2 Risk iştahını böyümə və performans hədəfləri ilə balanslaşdırmaq,2 Strategic Judgment & Decision Making (Behavioral),2.1 Risk-Based Decision Making,2.1.2 Balance risk appetite with growth and performance objectives
592,RSK,51,2.1.3,2 Strateji Mühakimə və Qərarvermə (Davranış),2.1 Risk-əsaslı Qərarvermə,2.1.3 Fərziyyələri sübutlar və ssenarilər əsasında sorğulamaq,2 Strategic Judgment & Decision Making (Behavioral),2.1 Risk-Based Decision Making,2.1.3 Challenge assumptions using evidence and scenarios
593,RSK,52,2.1.4,2 Strateji Mühakimə və Qərarvermə (Davranış),2.1 Risk-əsaslı Qərarvermə,2.1.4 Qeyri-müəyyənlik şəraitində qətiyyətlə hərəkət etmək,2 Strategic Judgment & Decision Making (Behavioral),2.1 Risk-Based Decision Making,2.1.4 Act decisively under uncertainty
594,RSK,53,2.2.1,2 Strateji Mühakimə və Qərarvermə (Davranış),2.2 Maraqlı Tərəflərə Təsir və Etibarlılıq,2.2.1 Risk insaytlarını texniki olmayan auditoriyaya aydın şəkildə çatdırmaq,2 Strategic Judgment & Decision Making (Behavioral),2.2 Stakeholder Influence & Credibility,2.2.1 Communicate risk insights clearly to non-technical audiences
595,RSK,54,2.2.2,2 Strateji Mühakimə və Qərarvermə (Davranış),2.2 Maraqlı Tərəflərə Təsir və Etibarlılıq,2.2.2 Rəhbərlərə məlumatlı risk tədbirləri görmək üçün təsir göstərmək,2 Strategic Judgment & Decision Making (Behavioral),2.2 Stakeholder Influence & Credibility,2.2.2 Influence leaders to take informed risk actions
596,RSK,55,2.2.3,2 Strateji Mühakimə və Qərarvermə (Davranış),2.2 Maraqlı Tərəflərə Təsir və Etibarlılıq,2.2.3 Obyektivlik və müstəqillik vasitəsilə etimad qurmaq,2 Strategic Judgment & Decision Making (Behavioral),2.2 Stakeholder Influence & Credibility,2.2.3 Build trust through objectivity and independence
597,RSK,56,2.2.4,2 Strateji Mühakimə və Qərarvermə (Davranış),2.2 Maraqlı Tərəflərə Təsir və Etibarlılıq,2.2.4 Müqaviməti və ziddiyyətli prioritetləri idarə etmək,2 Strategic Judgment & Decision Making (Behavioral),2.2 Stakeholder Influence & Credibility,2.2.4 Navigate resistance and conflicting priorities
598,RSK,57,2.3.1,2 Strateji Mühakimə və Qərarvermə (Davranış),2.3 Etik Mühakimə və Hesabatlılıq,2.3.1 Dürüstlük və peşəkar skeptisizm nümayiş etdirmək,2 Strategic Judgment & Decision Making (Behavioral),2.3 Ethical Judgment & Accountability,2.3.1 Demonstrate integrity and professional skepticism
599,RSK,58,2.3.2,2 Strateji Mühakimə və Qərarvermə (Davranış),2.3 Etik Mühakimə və Hesabatlılıq,2.3.2 Məxfiliyi və etik standartları qorumaq,2 Strategic Judgment & Decision Making (Behavioral),2.3 Ethical Judgment & Accountability,2.3.2 Uphold confidentiality and ethical standards
600,RSK,59,2.3.3,2 Strateji Mühakimə və Qərarvermə (Davranış),2.3 Etik Mühakimə və Hesabatlılıq,2.3.3 Risk mühakimələrinə və tövsiyələrə sahiblik göstərmək,2 Strategic Judgment & Decision Making (Behavioral),2.3 Ethical Judgment & Accountability,2.3.3 Take ownership of risk judgments and recommendations
601,RSK,60,2.3.4,2 Strateji Mühakimə və Qərarvermə (Davranış),2.3 Etik Mühakimə və Hesabatlılıq,2.3.4 Məsələləri güzəştə getmədən və gecikdirmədən eskalasiya etmək,2 Strategic Judgment & Decision Making (Behavioral),2.3 Ethical Judgment & Accountability,2.3.4 Escalate issues without compromise or delay
602,RSK,61,2.4.1,2 Strateji Mühakimə və Qərarvermə (Davranış),2.4 Dəyişiklik və Öyrənmə Çevikliyi,2.4.1 Dəyişən biznes modellərinə cavab olaraq risk yanaşmalarını uyğunlaşdırmaq,2 Strategic Judgment & Decision Making (Behavioral),2.4 Change & Learning Agility,2.4.1 Adapt risk approaches in response to changing business models
603,RSK,62,2.4.2,2 Strateji Mühakimə və Qərarvermə (Davranış),2.4 Dəyişiklik və Öyrənmə Çevikliyi,2.4.2 Risk biliklərini və metodologiyalarını davamlı yeniləmək,2 Strategic Judgment & Decision Making (Behavioral),2.4 Change & Learning Agility,2.4.2 Continuously update risk knowledge and methodologies
604,RSK,63,2.4.3,2 Strateji Mühakimə və Qərarvermə (Davranış),2.4 Dəyişiklik və Öyrənmə Çevikliyi,"2.4.3 İnsidentlərdən, auditlərdən və xarici hadisələrdən öyrənmək",2 Strategic Judgment & Decision Making (Behavioral),2.4 Change & Learning Agility,"2.4.3 Learn from incidents, audits, and external events"
605,RSK,64,2.4.4,2 Strateji Mühakimə və Qərarvermə (Davranış),2.4 Dəyişiklik və Öyrənmə Çevikliyi,2.4.4 Risk intizamını qorumaqla innovasiyanı təşviq etmək,2 Strategic Judgment & Decision Making (Behavioral),2.4 Change & Learning Agility,2.4.4 Encourage innovation while maintaining risk discipline
606,RSK,65,2.5.1,2 Strateji Mühakimə və Qərarvermə (Davranış),2.5 Kommunikasiya və Təsir,2.5.1 Mürəkkəb risk məlumatlarını aydın mesajlara çevirmək,2 Strategic Judgment & Decision Making (Behavioral),2.5 Communication & Impact,2.5.1 Translate complex risk information into clear messages
607,RSK,66,2.5.2,2 Strateji Mühakimə və Qərarvermə (Davranış),2.5 Kommunikasiya və Təsir,"2.5.2 Kommunikasiyanı icraçı rəhbərlik, idarə heyəti və əməliyyat səviyyələrinə uyğunlaşdırmaq",2 Strategic Judgment & Decision Making (Behavioral),2.5 Communication & Impact,"2.5.2 Tailor communication to executive, board, and operational levels"
608,RSK,67,2.5.3,2 Strateji Mühakimə və Qərarvermə (Davranış),2.5 Kommunikasiya və Təsir,2.5.3 Risk kompromislərini və ssenariləri inandırıcı şəkildə təqdim etmək,2 Strategic Judgment & Decision Making (Behavioral),2.5 Communication & Impact,2.5.3 Present risk trade-offs and scenarios convincingly
609,RSK,68,2.5.4,2 Strateji Mühakimə və Qərarvermə (Davranış),2.5 Kommunikasiya və Təsir,2.5.4 Aydın tövsiyələr vasitəsilə məlumatlı fəaliyyətə yön vermək,2 Strategic Judgment & Decision Making (Behavioral),2.5 Communication & Impact,2.5.4 Drive informed action through clear recommendations
610,LEG,1,1.1.1,1 Hüquq və Uyğunluq – FMCG (Funksional),1.1 Hüquqi Strategiya və İdarəetmə,1.1.1 FMCG biznes modeli və risk iştahına uyğun hüquqi strategiyanı müəyyən etmək,1 Legal & Compliance – FMCG (Functional),1.1 Legal Strategy & Governance,1.1.1 Define legal strategy aligned with FMCG business model and risk appetite
611,LEG,2,1.1.2,1 Hüquq və Uyğunluq – FMCG (Funksional),1.1 Hüquqi Strategiya və İdarəetmə,"1.1.2 Hüquqi idarəetmə çərçivəsini, qərarvermə səlahiyyətlərini və eskalasiya protokollarını formalaşdırmaq",1 Legal & Compliance – FMCG (Functional),1.1 Legal Strategy & Governance,"1.1.2 Establish legal governance, decision rights, and escalation protocols"
612,LEG,3,1.1.3,1 Hüquq və Uyğunluq – FMCG (Funksional),1.1 Hüquqi Strategiya və İdarəetmə,"1.1.3 Rəhbərliyə hüquqi risklər, kompromislər və riskin azaldılması variantları üzrə məsləhət vermək",1 Legal & Compliance – FMCG (Functional),1.1 Legal Strategy & Governance,"1.1.3 Advise leadership on legal risk, trade-offs, and mitigation options"
613,LEG,4,1.1.4,1 Hüquq və Uyğunluq – FMCG (Funksional),1.1 Hüquqi Strategiya və İdarəetmə,1.1.4 Hüquqi resursları biznesin kritikliyi və məruz qalma səviyyəsinə əsasən prioritetləşdirmək,1 Legal & Compliance – FMCG (Functional),1.1 Legal Strategy & Governance,1.1.4 Prioritize legal resources based on business criticality and exposure
614,LEG,5,1.1.5,1 Hüquq və Uyğunluq – FMCG (Funksional),1.1 Hüquqi Strategiya və İdarəetmə,1.1.5 Kommersiya icrasını dəstəkləməklə yanaşı hüquqi müstəqilliyi qorumaq,1 Legal & Compliance – FMCG (Functional),1.1 Legal Strategy & Governance,1.1.5 Maintain legal independence while enabling commercial execution
615,LEG,6,1.2.1,1 Hüquq və Uyğunluq – FMCG (Funksional),1.2 Kommersiya Müqavilələri və Danışıqlar,"1.2.1 Satış, distribusiya və ticarət müqavilələrini hazırlamaq, nəzərdən keçirmək və müzakirə etmək",1 Legal & Compliance – FMCG (Functional),1.2 Commercial Contracts & Negotiation,"1.2.1 Draft, review, and negotiate sales, distribution, and trade agreements"
616,LEG,7,1.2.2,1 Hüquq və Uyğunluq – FMCG (Funksional),1.2 Kommersiya Müqavilələri və Danışıqlar,"1.2.2 Müqavilələri böyümə, marjanın qorunması və risk arasında balans yaradacaq şəkildə strukturlaşdırmaq",1 Legal & Compliance – FMCG (Functional),1.2 Commercial Contracts & Negotiation,"1.2.2 Structure contracts to balance growth, margin protection, and risk"
617,LEG,8,1.2.3,1 Hüquq və Uyğunluq – FMCG (Funksional),1.2 Kommersiya Müqavilələri və Danışıqlar,"1.2.3 Qiymət, rebate, promosiya, məsuliyyət və xitam şərtlərini müəyyən etmək",1 Legal & Compliance – FMCG (Functional),1.2 Commercial Contracts & Negotiation,"1.2.3 Define pricing, rebate, promo, liability, and termination clauses"
618,LEG,9,1.2.4,1 Hüquq və Uyğunluq – FMCG (Funksional),1.2 Kommersiya Müqavilələri və Danışıqlar,"1.2.4 Müqavilə istisnalarını, təsdiqləri və istisnaların idarəetmə mexanizmini idarə etmək",1 Legal & Compliance – FMCG (Functional),1.2 Commercial Contracts & Negotiation,"1.2.4 Manage contract deviations, approvals, and exception governance"
619,LEG,10,1.2.5,1 Hüquq və Uyğunluq – FMCG (Funksional),1.2 Kommersiya Müqavilələri və Danışıqlar,1.2.5 Müqavilələrin həyat dövrü idarəetməsini və auditə hazırlığı təmin etmək,1 Legal & Compliance – FMCG (Functional),1.2 Commercial Contracts & Negotiation,1.2.5 Maintain contract lifecycle management and audit readiness
620,LEG,11,1.3.1,1 Hüquq və Uyğunluq – FMCG (Funksional),"1.3 Rəqabət, Antitrest və Ticarət Uyğunluğu",1.3.1 Rəqabət və antitrest qanunvericiliyinə uyğunluğu təmin etmək,1 Legal & Compliance – FMCG (Functional),"1.3 Competition, Antitrust & Trade Compliance",1.3.1 Ensure compliance with competition and antitrust laws
621,LEG,12,1.3.2,1 Hüquq və Uyğunluq – FMCG (Funksional),"1.3 Rəqabət, Antitrest və Ticarət Uyğunluğu","1.3.2 Qiymətləndirmə, endirimlər, eksklüzivlik və RTM strukturları üzrə məsləhət vermək",1 Legal & Compliance – FMCG (Functional),"1.3 Competition, Antitrust & Trade Compliance","1.3.2 Advise on pricing, discounts, exclusivity, and RTM structures"
622,LEG,13,1.3.3,1 Hüquq və Uyğunluq – FMCG (Funksional),"1.3 Rəqabət, Antitrest və Ticarət Uyğunluğu","1.3.3 Trade marketing, promosiya və müştəri stimullaşdırma mexanizmlərini nəzərdən keçirmək",1 Legal & Compliance – FMCG (Functional),"1.3 Competition, Antitrust & Trade Compliance","1.3.3 Review trade marketing, promotions, and customer incentives"
623,LEG,14,1.3.4,1 Hüquq və Uyğunluq – FMCG (Funksional),"1.3 Rəqabət, Antitrest və Ticarət Uyğunluğu",1.3.4 Bazar davranışı və dominant mövqe üzrə risk qiymətləndirmələri aparmaq,1 Legal & Compliance – FMCG (Functional),"1.3 Competition, Antitrust & Trade Compliance",1.3.4 Conduct risk assessments on market conduct and dominance
624,LEG,15,1.3.5,1 Hüquq və Uyğunluq – FMCG (Funksional),"1.3 Rəqabət, Antitrest və Ticarət Uyğunluğu",1.3.5 Tənzimləyici orqanların sorğularına və araşdırmalarına cavab prosesinə rəhbərlik etmək,1 Legal & Compliance – FMCG (Functional),"1.3 Competition, Antitrust & Trade Compliance",1.3.5 Lead responses to regulatory inquiries and investigations
625,LEG,16,1.4.1,1 Hüquq və Uyğunluq – FMCG (Funksional),1.4 Tənzimləyici Tələblər və Məhsul Uyğunluğu,"1.4.1 FMCG-yə aid spesifik tənzimləmələri şərh etmək (qida, içki, kosmetika, etiketləmə)",1 Legal & Compliance – FMCG (Functional),1.4 Regulatory & Product Compliance,"1.4.1 Interpret FMCG-specific regulations (food, beverage, cosmetics, labeling)"
626,LEG,17,1.4.2,1 Hüquq və Uyğunluq – FMCG (Funksional),1.4 Tənzimləyici Tələblər və Məhsul Uyğunluğu,"1.4.2 Məhsul iddialarını, qablaşdırmanı, etiketləməni və reklamın hüquqi uyğunluğunu nəzərdən keçirmək",1 Legal & Compliance – FMCG (Functional),1.4 Regulatory & Product Compliance,"1.4.2 Review product claims, packaging, labeling, and advertising legality"
627,LEG,18,1.4.3,1 Hüquq və Uyğunluq – FMCG (Funksional),1.4 Tənzimləyici Tələblər və Məhsul Uyğunluğu,1.4.3 R&D və marketinqə uyğun məhsul innovasiyası üzrə məsləhət vermək,1 Legal & Compliance – FMCG (Functional),1.4 Regulatory & Product Compliance,1.4.3 Advise R&D and marketing on compliant product innovation
628,LEG,19,1.4.4,1 Hüquq və Uyğunluq – FMCG (Funksional),1.4 Tənzimləyici Tələblər və Məhsul Uyğunluğu,"1.4.4 Məhsul geri çağırılmalarını, bazardan yığışdırılmaları və səlahiyyətli orqanlara bildirişləri idarə etmək",1 Legal & Compliance – FMCG (Functional),1.4 Regulatory & Product Compliance,"1.4.4 Manage product recalls, withdrawals, and authority notifications"
629,LEG,20,1.4.5,1 Hüquq və Uyğunluq – FMCG (Funksional),1.4 Tənzimləyici Tələblər və Məhsul Uyğunluğu,1.4.5 Tənzimləyici dəyişiklikləri izləmək və onların biznesə təsirini qiymətləndirmək,1 Legal & Compliance – FMCG (Functional),1.4 Regulatory & Product Compliance,1.4.5 Monitor regulatory changes and assess business impact
630,LEG,21,1.5.1,1 Hüquq və Uyğunluq – FMCG (Funksional),"1.5 Marketinq, Reklam və İstehlakçı Hüququ","1.5.1 Reklamları, promosiya fəaliyyətlərini və istehlakçı kommunikasiyalarını nəzərdən keçirmək",1 Legal & Compliance – FMCG (Functional),"1.5 Marketing, Advertising & Consumer Law","1.5.1 Review advertising, promotions, and consumer communications"
631,LEG,22,1.5.2,1 Hüquq və Uyğunluq – FMCG (Funksional),"1.5 Marketinq, Reklam və İstehlakçı Hüququ",1.5.2 İstehlakçıların müdafiəsi və ədalətsiz təcrübələrə qarşı qanunlara uyğunluğu təmin etmək,1 Legal & Compliance – FMCG (Functional),"1.5 Marketing, Advertising & Consumer Law",1.5.2 Ensure compliance with consumer protection and unfair practice laws
632,LEG,23,1.5.3,1 Hüquq və Uyğunluq – FMCG (Funksional),"1.5 Marketinq, Reklam və İstehlakçı Hüququ",1.5.3 Yanıltıcı iddialar və müqayisəli reklam üzrə riskləri գնահատmək,1 Legal & Compliance – FMCG (Functional),"1.5 Marketing, Advertising & Consumer Law",1.5.3 Assess risk of misleading claims and comparative advertising
633,LEG,24,1.5.4,1 Hüquq və Uyğunluq – FMCG (Funksional),"1.5 Marketinq, Reklam və İstehlakçı Hüququ","1.5.4 İnfluenser, rəqəmsal və sosial media uyğunluğu üzrə məsləhət vermək",1 Legal & Compliance – FMCG (Functional),"1.5 Marketing, Advertising & Consumer Law","1.5.4 Advise on influencer, digital, and social media compliance"
634,LEG,25,1.5.5,1 Hüquq və Uyğunluq – FMCG (Funksional),"1.5 Marketinq, Reklam və İstehlakçı Hüququ",1.5.5 İstehlakçı şikayətləri ilə bağlı mübahisələrin həlli prosesinə dəstək vermək,1 Legal & Compliance – FMCG (Functional),"1.5 Marketing, Advertising & Consumer Law",1.5.5 Support dispute resolution related to consumer complaints
635,LEG,26,1.6.1,1 Hüquq və Uyğunluq – FMCG (Funksional),"1.6 Korporativ, Əmək və İş Hüququ",1.6.1 Korporativ idarəetmə və səhmdar məsələləri üzrə məsləhət vermək,1 Legal & Compliance – FMCG (Functional),"1.6 Corporate, Labor & Employment Law",1.6.1 Advise on corporate governance and shareholder matters
636,LEG,27,1.6.2,1 Hüquq və Uyğunluq – FMCG (Funksional),"1.6 Korporativ, Əmək və İş Hüququ","1.6.2 HR komandasını əmək hüququ, intizam və işdən çıxarma məsələləri üzrə dəstəkləmək",1 Legal & Compliance – FMCG (Functional),"1.6 Corporate, Labor & Employment Law","1.6.2 Support HR on labor law, disciplinary, and termination matters"
637,LEG,28,1.6.3,1 Hüquq və Uyğunluq – FMCG (Funksional),"1.6 Korporativ, Əmək və İş Hüququ","1.6.3 Əmək müqavilələrini, siyasətləri və davranış kodekslərini nəzərdən keçirmək",1 Legal & Compliance – FMCG (Functional),"1.6 Corporate, Labor & Employment Law","1.6.3 Review employment contracts, policies, and codes of conduct"
638,LEG,29,1.6.4,1 Hüquq və Uyğunluq – FMCG (Funksional),"1.6 Korporativ, Əmək və İş Hüququ","1.6.4 Əmək mübahisələrini, yoxlamaları və məhkəmə proseslərini idarə etmək",1 Legal & Compliance – FMCG (Functional),"1.6 Corporate, Labor & Employment Law","1.6.4 Manage employment disputes, inspections, and litigation"
639,LEG,30,1.6.5,1 Hüquq və Uyğunluq – FMCG (Funksional),"1.6 Korporativ, Əmək və İş Hüququ",1.6.5 İş yeri etikası və normativ tələblərə uyğunluğu təmin etmək,1 Legal & Compliance – FMCG (Functional),"1.6 Corporate, Labor & Employment Law",1.6.5 Ensure compliance with workplace ethics and regulations
640,LEG,31,1.7.1,1 Hüquq və Uyğunluq – FMCG (Funksional),"1.7 Məhkəmə İşləri, Tələblər və Mübahisələrin İdarə Edilməsi","1.7.1 Kommersiya, əmək, vergi və tənzimləyici mübahisələri idarə etmək",1 Legal & Compliance – FMCG (Functional),"1.7 Litigation, Claims & Dispute Management","1.7.1 Manage commercial, labor, tax, and regulatory disputes"
641,LEG,32,1.7.2,1 Hüquq və Uyğunluq – FMCG (Funksional),"1.7 Məhkəmə İşləri, Tələblər və Mübahisələrin İdarə Edilməsi",1.7.2 Xarici hüquq məsləhətçiləri ilə işi əlaqələndirmək və hüquqi xərclərə nəzarət etmək,1 Legal & Compliance – FMCG (Functional),"1.7 Litigation, Claims & Dispute Management",1.7.2 Coordinate external counsel and control legal spend
642,LEG,33,1.7.3,1 Hüquq və Uyğunluq – FMCG (Funksional),"1.7 Məhkəmə İşləri, Tələblər və Mübahisələrin İdarə Edilməsi",1.7.3 Məhkəmə strategiyalarını və barışıq mövqelərini hazırlamaq,1 Legal & Compliance – FMCG (Functional),"1.7 Litigation, Claims & Dispute Management",1.7.3 Develop litigation strategies and settlement positions
643,LEG,34,1.7.4,1 Hüquq və Uyğunluq – FMCG (Funksional),"1.7 Məhkəmə İşləri, Tələblər və Mübahisələrin İdarə Edilməsi","1.7.4 İşləri, riskləri və şərti öhdəlikləri izləmək",1 Legal & Compliance – FMCG (Functional),"1.7 Litigation, Claims & Dispute Management","1.7.4 Track cases, risks, and contingent liabilities"
644,LEG,35,1.7.5,1 Hüquq və Uyğunluq – FMCG (Funksional),"1.7 Məhkəmə İşləri, Tələblər və Mübahisələrin İdarə Edilməsi",1.7.5 Təkrarlanan mübahisələrin qarşısını almaq üçün öyrənilmiş dərsləri toplamaq,1 Legal & Compliance – FMCG (Functional),"1.7 Litigation, Claims & Dispute Management",1.7.5 Capture learnings to prevent repeat disputes
645,LEG,36,1.8.1,1 Hüquq və Uyğunluq – FMCG (Funksional),1.8 Əqli Mülkiyyət və Brendin Qorunması,"1.8.1 Əmtəə nişanlarını, müəllif hüquqlarını və brend aktivlərini idarə etmək",1 Legal & Compliance – FMCG (Functional),1.8 Intellectual Property & Brand Protection,"1.8.1 Manage trademarks, copyrights, and brand assets"
646,LEG,37,1.8.2,1 Hüquq və Uyğunluq – FMCG (Funksional),1.8 Əqli Mülkiyyət və Brendin Qorunması,1.8.2 Brendləri saxtakarlıqdan və hüquq pozuntularından qorumaq,1 Legal & Compliance – FMCG (Functional),1.8 Intellectual Property & Brand Protection,1.8.2 Protect brands against counterfeiting and infringement
647,LEG,38,1.8.3,1 Hüquq və Uyğunluq – FMCG (Funksional),1.8 Əqli Mülkiyyət və Brendin Qorunması,1.8.3 Marketinq komandasını brend istifadəsi və lisenziyalaşdırma üzrə dəstəkləmək,1 Legal & Compliance – FMCG (Functional),1.8 Intellectual Property & Brand Protection,1.8.3 Support marketing on brand usage and licensing
648,LEG,39,1.8.4,1 Hüquq və Uyğunluq – FMCG (Funksional),1.8 Əqli Mülkiyyət və Brendin Qorunması,"1.8.4 Əqli mülkiyyət portfellərini, yenilənmələri və mübahisələri idarə etmək",1 Legal & Compliance – FMCG (Functional),1.8 Intellectual Property & Brand Protection,"1.8.4 Manage IP portfolios, renewals, and disputes"
649,LEG,40,1.8.5,1 Hüquq və Uyğunluq – FMCG (Funksional),1.8 Əqli Mülkiyyət və Brendin Qorunması,1.8.5 Hüquq tətbiqetmə tədbirlərini səlahiyyətli orqanlarla koordinasiya etmək,1 Legal & Compliance – FMCG (Functional),1.8 Intellectual Property & Brand Protection,1.8.5 Coordinate enforcement actions with authorities
650,LEG,41,1.9.1,1 Hüquq və Uyğunluq – FMCG (Funksional),1.9 Məlumat Məxfiliyi və Rəqəmsal Hüquq,1.9.1 Məlumatların qorunması və məxfilik qanunvericiliyinə uyğunluğu təmin etmək,1 Legal & Compliance – FMCG (Functional),1.9 Data Privacy & Digital Law,1.9.1 Ensure compliance with data protection and privacy laws
651,LEG,42,1.9.2,1 Hüquq və Uyğunluq – FMCG (Funksional),1.9 Məlumat Məxfiliyi və Rəqəmsal Hüquq,"1.9.2 CRM, loyallıq proqramları, e-ticarət və rəqəmsal təşəbbüsləri nəzərdən keçirmək",1 Legal & Compliance – FMCG (Functional),1.9 Data Privacy & Digital Law,"1.9.2 Review CRM, loyalty, e-commerce, and digital initiatives"
652,LEG,43,1.9.3,1 Hüquq və Uyğunluq – FMCG (Funksional),1.9 Məlumat Məxfiliyi və Rəqəmsal Hüquq,"1.9.3 Razılıq, məlumat istifadəsi və sərhədlərarası məlumat ötürülməsi üzrə məsləhət vermək",1 Legal & Compliance – FMCG (Functional),1.9 Data Privacy & Digital Law,"1.9.3 Advise on consent, data usage, and cross-border transfers"
653,LEG,44,1.9.4,1 Hüquq və Uyğunluq – FMCG (Funksional),1.9 Məlumat Məxfiliyi və Rəqəmsal Hüquq,1.9.4 Məlumat sızmaları zamanı insidentlərə cavab prosesini dəstəkləmək,1 Legal & Compliance – FMCG (Functional),1.9 Data Privacy & Digital Law,1.9.4 Support incident response for data breaches
654,LEG,45,1.9.5,1 Hüquq və Uyğunluq – FMCG (Funksional),1.9 Məlumat Məxfiliyi və Rəqəmsal Hüquq,1.9.5 Biznes komandalarını rəqəmsal və məxfilik riskləri üzrə maarifləndirmək,1 Legal & Compliance – FMCG (Functional),1.9 Data Privacy & Digital Law,1.9.5 Train business teams on digital and privacy risks
655,LEG,46,1.10.1,1 Hüquq və Uyğunluq – FMCG (Funksional),"1.10 Etika, Uyğunluq və Araşdırmalar",1.10.1 Davranış kodeksini və uyğunluq çərçivələrini qoruyub saxlamaq,1 Legal & Compliance – FMCG (Functional),"1.10 Ethics, Compliance & Investigations",1.10.1 Maintain code of conduct and compliance frameworks
656,LEG,47,1.10.2,1 Hüquq və Uyğunluq – FMCG (Funksional),"1.10 Etika, Uyğunluq və Araşdırmalar",1.10.2 Qeyri-düzgün davranış və dələduzluq iddialarını araşdırmaq,1 Legal & Compliance – FMCG (Functional),"1.10 Ethics, Compliance & Investigations",1.10.2 Investigate allegations of misconduct and fraud
657,LEG,48,1.10.3,1 Hüquq və Uyğunluq – FMCG (Funksional),"1.10 Etika, Uyğunluq və Araşdırmalar","1.10.3 Sanksiyalar, maraqlar toqquşması və hədiyyə siyasətləri üzrə məsləhət vermək",1 Legal & Compliance – FMCG (Functional),"1.10 Ethics, Compliance & Investigations","1.10.3 Advise on sanctions, conflicts of interest, and gifts policies"
658,LEG,49,1.10.4,1 Hüquq və Uyğunluq – FMCG (Funksional),"1.10 Etika, Uyğunluq və Araşdırmalar",1.10.4 Whistleblowing mexanizmlərini və düzəldici tədbirləri dəstəkləmək,1 Legal & Compliance – FMCG (Functional),"1.10 Ethics, Compliance & Investigations",1.10.4 Support whistleblowing and remediation actions
659,LEG,50,1.10.5,1 Hüquq və Uyğunluq – FMCG (Funksional),"1.10 Etika, Uyğunluq və Araşdırmalar",1.10.5 Təlim və kommunikasiya vasitəsilə uyğunluq mədəniyyətini təşkilat daxilində formalaşdırmaq,1 Legal & Compliance – FMCG (Functional),"1.10 Ethics, Compliance & Investigations",1.10.5 Embed compliance culture through training and communication
660,LEG,51,2.1.1,2 Hüquqi Liderlik və Peşəkar Effektivlik (Davranış),2.1 Biznes Tərəfdaşlığı və Kommersiya Mühakiməsi,2.1.1 Praktik və həll yönümlü hüquqi məsləhət vermək,2 Legal Leadership & Professional Effectiveness (Behavioral),2.1 Business Partnering & Commercial Judgment,"2.1.1 Provide practical, solution-oriented legal advice"
661,LEG,52,2.1.2,2 Hüquqi Liderlik və Peşəkar Effektivlik (Davranış),2.1 Biznes Tərəfdaşlığı və Kommersiya Mühakiməsi,2.1.2 Hüquqi riski bazara çıxış sürəti və böyümə ilə balanslaşdırmaq,2 Legal Leadership & Professional Effectiveness (Behavioral),2.1 Business Partnering & Commercial Judgment,2.1.2 Balance legal risk with speed-to-market and growth
662,LEG,53,2.1.3,2 Hüquqi Liderlik və Peşəkar Effektivlik (Davranış),2.1 Biznes Tərəfdaşlığı və Kommersiya Mühakiməsi,2.1.3 Sonrakı hüquqi və reputasiya risklərini qabaqcadan görmək,2 Legal Leadership & Professional Effectiveness (Behavioral),2.1 Business Partnering & Commercial Judgment,2.1.3 Anticipate downstream legal and reputational risks
663,LEG,54,2.1.4,2 Hüquqi Liderlik və Peşəkar Effektivlik (Davranış),2.1 Biznes Tərəfdaşlığı və Kommersiya Mühakiməsi,2.1.4 Qərarları konstruktiv və sübutlara əsaslanaraq sorğulamaq,2 Legal Leadership & Professional Effectiveness (Behavioral),2.1 Business Partnering & Commercial Judgment,2.1.4 Challenge decisions constructively and with evidence
664,LEG,55,2.1.5,2 Hüquqi Liderlik və Peşəkar Effektivlik (Davranış),2.1 Biznes Tərəfdaşlığı və Kommersiya Mühakiməsi,2.1.5 Etibarlı məsləhətçi kimi inam formalaşdırmaq,2 Legal Leadership & Professional Effectiveness (Behavioral),2.1 Business Partnering & Commercial Judgment,2.1.5 Build credibility as a trusted advisor
665,LEG,56,2.2.1,2 Hüquqi Liderlik və Peşəkar Effektivlik (Davranış),"2.2 Təsir, Kommunikasiya və Maraqlı Tərəflərin İdarə Edilməsi",2.2.1 Mürəkkəb hüquqi məsələləri aydın biznes dili ilə izah etmək,2 Legal Leadership & Professional Effectiveness (Behavioral),"2.2 Influence, Communication & Stakeholder Management",2.2.1 Explain complex legal issues in clear business language
666,LEG,57,2.2.2,2 Hüquqi Liderlik və Peşəkar Effektivlik (Davranış),"2.2 Təsir, Kommunikasiya və Maraqlı Tərəflərin İdarə Edilməsi",2.2.2 Formal səlahiyyət olmadan yuxarı rəhbərliyə təsir göstərmək,2 Legal Leadership & Professional Effectiveness (Behavioral),"2.2 Influence, Communication & Stakeholder Management",2.2.2 Influence senior leaders without formal authority
667,LEG,58,2.2.3,2 Hüquqi Liderlik və Peşəkar Effektivlik (Davranış),"2.2 Təsir, Kommunikasiya və Maraqlı Tərəflərin İdarə Edilməsi","2.2.3 Hüquqi, kommersiya və etik prioritetlər arasındakı ziddiyyətləri idarə etmək",2 Legal Leadership & Professional Effectiveness (Behavioral),"2.2 Influence, Communication & Stakeholder Management","2.2.3 Manage conflicts between legal, commercial, and ethical priorities"
668,LEG,59,2.2.4,2 Hüquqi Liderlik və Peşəkar Effektivlik (Davranış),"2.2 Təsir, Kommunikasiya və Maraqlı Tərəflərin İdarə Edilməsi",2.2.4 Tənzimləyici orqanlar və xarici maraqlı tərəflərlə etimad qurmaq,2 Legal Leadership & Professional Effectiveness (Behavioral),"2.2 Influence, Communication & Stakeholder Management",2.2.4 Build trust with regulators and external stakeholders
669,LEG,60,2.2.5,2 Hüquqi Liderlik və Peşəkar Effektivlik (Davranış),"2.2 Təsir, Kommunikasiya və Maraqlı Tərəflərin İdarə Edilməsi",2.2.5 Təzyiq və nəzarət şəraitində soyuqqanlılığı qorumaq,2 Legal Leadership & Professional Effectiveness (Behavioral),"2.2 Influence, Communication & Stakeholder Management",2.2.5 Maintain composure under pressure and scrutiny
670,LEG,61,2.3.1,2 Hüquqi Liderlik və Peşəkar Effektivlik (Davranış),"2.3 Dürüstlük, Hesabatlılıq və Peşəkar Etika",2.3.1 Müstəqil fəaliyyət göstərmək və peşəkar standartları qorumaq,2 Legal Leadership & Professional Effectiveness (Behavioral),"2.3 Integrity, Accountability & Professional Ethics",2.3.1 Act independently and uphold professional standards
671,LEG,62,2.3.2,2 Hüquqi Liderlik və Peşəkar Effektivlik (Davranış),"2.3 Dürüstlük, Hesabatlılıq və Peşəkar Etika",2.3.2 Məxfiliyi və həssas məlumatları qorumaq,2 Legal Leadership & Professional Effectiveness (Behavioral),"2.3 Integrity, Accountability & Professional Ethics",2.3.2 Protect confidentiality and sensitive information
672,LEG,63,2.3.3,2 Hüquqi Liderlik və Peşəkar Effektivlik (Davranış),"2.3 Dürüstlük, Hesabatlılıq və Peşəkar Etika",2.3.3 Hüquqi məsləhətlərə və nəticələrə sahiblik göstərmək,2 Legal Leadership & Professional Effectiveness (Behavioral),"2.3 Integrity, Accountability & Professional Ethics",2.3.3 Take ownership of legal advice and outcomes
673,LEG,64,2.3.4,2 Hüquqi Liderlik və Peşəkar Effektivlik (Davranış),"2.3 Dürüstlük, Hesabatlılıq və Peşəkar Etika",2.3.4 Kritik riskləri güzəştə getmədən eskalasiya etmək,2 Legal Leadership & Professional Effectiveness (Behavioral),"2.3 Integrity, Accountability & Professional Ethics",2.3.4 Escalate critical risks without compromise
674,LEG,65,2.3.5,2 Hüquqi Liderlik və Peşəkar Effektivlik (Davranış),"2.3 Dürüstlük, Hesabatlılıq və Peşəkar Etika",2.3.5 Təşkilat boyunca etik davranış nümunəsi olmaq,2 Legal Leadership & Professional Effectiveness (Behavioral),"2.3 Integrity, Accountability & Professional Ethics",2.3.5 Model ethical behavior across the organization
675,ADM,1,1.1.1,1 Administrasiya – FMCG (Funksional),1.1 İnzibati Strategiya və İdarəetmə,1.1.1 FMCG fəaliyyətinin miqyası və coğrafi əhatəsinə uyğun inzibati əməliyyat modelini müəyyən etmək,1 Administration – FMCG (Functional),1.1 Administrative Strategy & Governance,1.1.1 Define administrative operating model aligned with FMCG scale and footprint
676,ADM,2,1.1.2,1 Administrasiya – FMCG (Funksional),1.1 İnzibati Strategiya və İdarəetmə,"1.1.2 Obyektlər, işçi qüvvəsi, aktivlər və xidmətləri əhatə edən siyasətləri formalaşdırmaq",1 Administration – FMCG (Functional),1.1 Administrative Strategy & Governance,"1.1.2 Establish policies covering facilities, workforce, assets, and services"
677,ADM,3,1.1.3,1 Administrasiya – FMCG (Funksional),1.1 İnzibati Strategiya və İdarəetmə,"1.1.3 Ofislər, zavodlar və anbarlar üçün xidmət standartlarını müəyyən etmək",1 Administration – FMCG (Functional),1.1 Administrative Strategy & Governance,"1.1.3 Set service standards for offices, plants, and warehouses"
678,ADM,4,1.1.4,1 Administrasiya – FMCG (Funksional),1.1 İnzibati Strategiya və İdarəetmə,"1.1.4 Xərc səmərəliliyini, xidmətin davamlılığını və uyğunluğu təmin etmək",1 Administration – FMCG (Functional),1.1 Administrative Strategy & Governance,"1.1.4 Ensure cost efficiency, service continuity, and compliance"
679,ADM,5,1.1.5,1 Administrasiya – FMCG (Funksional),1.1 İnzibati Strategiya və İdarəetmə,1.1.5 İnzibati riskləri və nəzarət mexanizmlərinin effektivliyini izləmək,1 Administration – FMCG (Functional),1.1 Administrative Strategy & Governance,1.1.5 Monitor administrative risks and control effectiveness
680,ADM,6,1.2.1,1 Administrasiya – FMCG (Funksional),"1.2 Obyektlər, Binalar və İnfrastrukturun İdarə Edilməsi","1.2.1 Ofisləri, zavodları, depoları və anbarları idarə etmək",1 Administration – FMCG (Functional),"1.2 Facilities, Buildings & Infrastructure Management","1.2.1 Manage offices, factories, depots, and warehouses"
681,ADM,7,1.2.2,1 Administrasiya – FMCG (Funksional),"1.2 Obyektlər, Binalar və İnfrastrukturun İdarə Edilməsi",1.2.2 Profilaktik və korrektiv texniki xidmət işlərini planlamaq,1 Administration – FMCG (Functional),"1.2 Facilities, Buildings & Infrastructure Management",1.2.2 Plan preventive and corrective maintenance
682,ADM,8,1.2.3,1 Administrasiya – FMCG (Funksional),"1.2 Obyektlər, Binalar və İnfrastrukturun İdarə Edilməsi","1.2.3 Texniklərin, ustaların və xarici podratçıların işini əlaqələndirmək",1 Administration – FMCG (Functional),"1.2 Facilities, Buildings & Infrastructure Management","1.2.3 Coordinate technicians, masters, and external contractors"
683,ADM,9,1.2.4,1 Administrasiya – FMCG (Funksional),"1.2 Obyektlər, Binalar və İnfrastrukturun İdarə Edilməsi","1.2.4 Kommunal xidmətlərin, HVAC sistemlərinin, su və enerji təchizatının fasiləsizliyini təmin etmək",1 Administration – FMCG (Functional),"1.2 Facilities, Buildings & Infrastructure Management","1.2.4 Ensure utilities, HVAC, water, and power continuity"
684,ADM,10,1.2.5,1 Administrasiya – FMCG (Funksional),"1.2 Obyektlər, Binalar və İnfrastrukturun İdarə Edilməsi","1.2.5 Genişlənmə, yenidənqurma və köçürülmə işlərinə dəstək vermək",1 Administration – FMCG (Functional),"1.2 Facilities, Buildings & Infrastructure Management","1.2.5 Support expansions, refurbishments, and relocations"
685,ADM,11,1.3.1,1 Administrasiya – FMCG (Funksional),1.3 Texniki Heyət və Baxım İşçi Qüvvəsinin İdarə Edilməsi,"1.3.1 Texnikləri, ustaları və təmir heyətini idarə etmək",1 Administration – FMCG (Functional),1.3 Maintenance Workforce & Technical Staff Management,"1.3.1 Manage technicians, masters, and repair staff"
686,ADM,12,1.3.2,1 Administrasiya – FMCG (Funksional),1.3 Texniki Heyət və Baxım İşçi Qüvvəsinin İdarə Edilməsi,"1.3.2 Tapşırıq bölgüsünü, iş qrafiklərini və cavabvermə müddətlərini müəyyən etmək",1 Administration – FMCG (Functional),1.3 Maintenance Workforce & Technical Staff Management,"1.3.2 Define task allocation, schedules, and response times"
687,ADM,13,1.3.3,1 Administrasiya – FMCG (Funksional),1.3 Texniki Heyət və Baxım İşçi Qüvvəsinin İdarə Edilməsi,1.3.3 Texniki işlərin keyfiyyətinə və təhlükəsizliyinə nəzarət etmək,1 Administration – FMCG (Functional),1.3 Maintenance Workforce & Technical Staff Management,1.3.3 Control quality and safety of technical works
688,ADM,14,1.3.4,1 Administrasiya – FMCG (Funksional),1.3 Texniki Heyət və Baxım İşçi Qüvvəsinin İdarə Edilməsi,1.3.4 Performans və məhsuldarlığı izləmək,1 Administration – FMCG (Functional),1.3 Maintenance Workforce & Technical Staff Management,1.3.4 Track performance and productivity
689,ADM,15,1.3.5,1 Administrasiya – FMCG (Funksional),1.3 Texniki Heyət və Baxım İşçi Qüvvəsinin İdarə Edilməsi,1.3.5 HSE və əməliyyat komandaları ilə koordinasiyanı təmin etmək,1 Administration – FMCG (Functional),1.3 Maintenance Workforce & Technical Staff Management,1.3.5 Coordinate with HSE and operations teams
690,ADM,16,1.4.1,1 Administrasiya – FMCG (Funksional),"1.4 Təmizlik, Xadimə/Xadim və Ümumi İşçi Heyətinin İdarə Edilməsi","1.4.1 Təmizlik işçilərini, xadimə/xadim heyətini və ümumi işçiləri idarə etmək",1 Administration – FMCG (Functional),"1.4 Cleaning, Janitorial & General Workers Management","1.4.1 Manage cleaners, janitors, and general workers"
691,ADM,17,1.4.2,1 Administrasiya – FMCG (Funksional),"1.4 Təmizlik, Xadimə/Xadim və Ümumi İşçi Heyətinin İdarə Edilməsi",1.4.2 Ofislər və istehsalat sahələri üçün təmizlik standartlarını müəyyən etmək,1 Administration – FMCG (Functional),"1.4 Cleaning, Janitorial & General Workers Management",1.4.2 Define cleaning standards for offices and production sites
692,ADM,18,1.4.3,1 Administrasiya – FMCG (Funksional),"1.4 Təmizlik, Xadimə/Xadim və Ümumi İşçi Heyətinin İdarə Edilməsi",1.4.3 Növbə qrafiklərini və işçi təminatını planlamaq,1 Administration – FMCG (Functional),"1.4 Cleaning, Janitorial & General Workers Management",1.4.3 Schedule shifts and coverage
693,ADM,19,1.4.4,1 Administrasiya – FMCG (Funksional),"1.4 Təmizlik, Xadimə/Xadim və Ümumi İşçi Heyətinin İdarə Edilməsi","1.4.4 Gigiyena, sanitariya və intizam göstəricilərinə nəzarət etmək",1 Administration – FMCG (Functional),"1.4 Cleaning, Janitorial & General Workers Management","1.4.4 Monitor hygiene, sanitation, and discipline"
694,ADM,20,1.4.5,1 Administrasiya – FMCG (Funksional),"1.4 Təmizlik, Xadimə/Xadim və Ümumi İşçi Heyətinin İdarə Edilməsi",1.4.5 HSE və gigiyena tələblərinə uyğunluğu təmin etmək,1 Administration – FMCG (Functional),"1.4 Cleaning, Janitorial & General Workers Management",1.4.5 Ensure compliance with HSE and hygiene regulations
695,ADM,21,1.5.1,1 Administrasiya – FMCG (Funksional),"1.5 Aktivlər, Avadanlıq və Ehtiyatların Nəzarəti",1.5.1 Aktiv reyestrlərini və həyat dövrü qeydlərini aparmaq,1 Administration – FMCG (Functional),"1.5 Asset, Equipment & Inventory Control",1.5.1 Maintain asset registers and lifecycle records
696,ADM,22,1.5.2,1 Administrasiya – FMCG (Funksional),"1.5 Aktivlər, Avadanlıq və Ehtiyatların Nəzarəti","1.5.2 Ofis avadanlıqlarını, mebelləri və alətləri nəzarətdə saxlamaq",1 Administration – FMCG (Functional),"1.5 Asset, Equipment & Inventory Control","1.5.2 Control office equipment, furniture, and tools"
697,ADM,23,1.5.3,1 Administrasiya – FMCG (Funksional),"1.5 Aktivlər, Avadanlıq və Ehtiyatların Nəzarəti","1.5.3 İtki, düzgün istifadə olunmama və zədələnmənin qarşısını almaq",1 Administration – FMCG (Functional),"1.5 Asset, Equipment & Inventory Control","1.5.3 Prevent loss, misuse, and damage"
698,ADM,24,1.5.4,1 Administrasiya – FMCG (Funksional),"1.5 Aktivlər, Avadanlıq və Ehtiyatların Nəzarəti",1.5.4 Dövri fiziki sayımlar aparmaq,1 Administration – FMCG (Functional),"1.5 Asset, Equipment & Inventory Control",1.5.4 Conduct periodic physical counts
699,ADM,25,1.5.5,1 Administrasiya – FMCG (Funksional),"1.5 Aktivlər, Avadanlıq və Ehtiyatların Nəzarəti",1.5.5 Sığorta və risk hesabatlılığı proseslərinə dəstək vermək,1 Administration – FMCG (Functional),"1.5 Asset, Equipment & Inventory Control",1.5.5 Support insurance and risk reporting
700,ADM,26,1.6.1,1 Administrasiya – FMCG (Funksional),1.6 Ofis Ləvazimatları və İş Mühitinin Təminatı,1.6.1 Dəftərxana ləvazimatları və sərf materiallarına tələbatı proqnozlaşdırmaq və təmin etmək,1 Administration – FMCG (Functional),1.6 Office Supplies & Workplace Provisioning,1.6.1 Forecast and procure office stationery and consumables
701,ADM,27,1.6.2,1 Administrasiya – FMCG (Funksional),1.6 Ofis Ləvazimatları və İş Mühitinin Təminatı,1.6.2 Bütün lokasiyalar üzrə fasiləsiz təchizatı təmin etmək,1 Administration – FMCG (Functional),1.6 Office Supplies & Workplace Provisioning,1.6.2 Ensure uninterrupted supply across locations
702,ADM,28,1.6.3,1 Administrasiya – FMCG (Funksional),1.6 Ofis Ləvazimatları və İş Mühitinin Təminatı,1.6.3 Stok səviyyələrinə və istifadə həcminə nəzarət etmək,1 Administration – FMCG (Functional),1.6 Office Supplies & Workplace Provisioning,1.6.3 Control stock levels and usage
703,ADM,29,1.6.4,1 Administrasiya – FMCG (Funksional),1.6 Ofis Ləvazimatları və İş Mühitinin Təminatı,1.6.4 Standartlaşdırma yolu ilə xərcləri optimallaşdırmaq,1 Administration – FMCG (Functional),1.6 Office Supplies & Workplace Provisioning,1.6.4 Optimize costs through standardization
704,ADM,30,1.6.5,1 Administrasiya – FMCG (Funksional),1.6 Ofis Ləvazimatları və İş Mühitinin Təminatı,1.6.5 Satınalma və maliyyə komandaları ilə koordinasiya etmək,1 Administration – FMCG (Functional),1.6 Office Supplies & Workplace Provisioning,1.6.5 Coordinate with procurement and finance
705,ADM,31,1.7.1,1 Administrasiya – FMCG (Funksional),"1.7 Təchizatçı, Podratçı və Xidmət Provayderlərinin İdarə Edilməsi","1.7.1 Təmizlik, təhlükəsizlik, texniki xidmət və katerinq üzrə təchizatçıları seçmək",1 Administration – FMCG (Functional),"1.7 Vendor, Contractor & Service Provider Management","1.7.1 Select vendors for cleaning, security, maintenance, catering"
706,ADM,32,1.7.2,1 Administrasiya – FMCG (Funksional),"1.7 Təchizatçı, Podratçı və Xidmət Provayderlərinin İdarə Edilməsi","1.7.2 Müqavilələri, SLA-ları və qiymət şərtlərini müzakirə etmək",1 Administration – FMCG (Functional),"1.7 Vendor, Contractor & Service Provider Management","1.7.2 Negotiate contracts, SLAs, and pricing"
707,ADM,33,1.7.3,1 Administrasiya – FMCG (Funksional),"1.7 Təchizatçı, Podratçı və Xidmət Provayderlərinin İdarə Edilməsi",1.7.3 Xidmət keyfiyyətini və uyğunluğu izləmək,1 Administration – FMCG (Functional),"1.7 Vendor, Contractor & Service Provider Management",1.7.3 Monitor service quality and compliance
708,ADM,34,1.7.4,1 Administrasiya – FMCG (Funksional),"1.7 Təchizatçı, Podratçı və Xidmət Provayderlərinin İdarə Edilməsi",1.7.4 Xidmət nasazlıqlarını və mübahisələri həll etmək,1 Administration – FMCG (Functional),"1.7 Vendor, Contractor & Service Provider Management",1.7.4 Resolve service failures and disputes
709,ADM,35,1.7.5,1 Administrasiya – FMCG (Funksional),"1.7 Təchizatçı, Podratçı və Xidmət Provayderlərinin İdarə Edilməsi",1.7.5 Xərc və performans optimallaşdırılmasını təşviq etmək,1 Administration – FMCG (Functional),"1.7 Vendor, Contractor & Service Provider Management",1.7.5 Drive cost and performance optimization
710,ADM,36,1.8.1,1 Administrasiya – FMCG (Funksional),"1.8 Müqavilələr, Sənədləşmə və Qeydlərin İdarə Edilməsi",1.8.1 İnzibati və xidmət müqavilələrini idarə etmək,1 Administration – FMCG (Functional),"1.8 Contracts, Documentation & Records Management",1.8.1 Manage administrative and service contracts
711,ADM,37,1.8.2,1 Administrasiya – FMCG (Funksional),"1.8 Müqavilələr, Sənədləşmə və Qeydlərin İdarə Edilməsi",1.8.2 Müqavilə arxivlərini və yenilənmə təqvimlərini aparmaq,1 Administration – FMCG (Functional),"1.8 Contracts, Documentation & Records Management",1.8.2 Maintain contract archives and renewal calendars
712,ADM,38,1.8.3,1 Administrasiya – FMCG (Funksional),"1.8 Müqavilələr, Sənədləşmə və Qeydlərin İdarə Edilməsi","1.8.3 Düzgün qeydiyyatın, arxivləşdirmənin və sənədlərin operativ əldə edilməsinin təmin olunması",1 Administration – FMCG (Functional),"1.8 Contracts, Documentation & Records Management","1.8.3 Ensure proper filing, archiving, and retrieval"
713,ADM,39,1.8.4,1 Administrasiya – FMCG (Funksional),"1.8 Müqavilələr, Sənədləşmə və Qeydlərin İdarə Edilməsi",1.8.4 Məxfiliyi və sənədlərin bütövlüyünü qorumaq,1 Administration – FMCG (Functional),"1.8 Contracts, Documentation & Records Management",1.8.4 Protect confidentiality and document integrity
714,ADM,40,1.8.5,1 Administrasiya – FMCG (Funksional),"1.8 Müqavilələr, Sənədləşmə və Qeydlərin İdarə Edilməsi","1.8.5 Auditlərə, yoxlamalara və hüquqi sorğulara dəstək vermək",1 Administration – FMCG (Functional),"1.8 Contracts, Documentation & Records Management","1.8.5 Support audits, inspections, and legal requests"
715,ADM,41,1.9.1,1 Administrasiya – FMCG (Funksional),"1.9 Təhlükəsizlik, Giriş və Əməyin Təhlükəsizliyi üzrə Koordinasiya",1.9.1 Fiziki təhlükəsizliyi və girişə nəzarəti idarə etmək,1 Administration – FMCG (Functional),"1.9 Security, Access & Safety Coordination",1.9.1 Manage physical security and access control
716,ADM,42,1.9.2,1 Administrasiya – FMCG (Funksional),"1.9 Təhlükəsizlik, Giriş və Əməyin Təhlükəsizliyi üzrə Koordinasiya",1.9.2 Mühafizə heyəti və təhlükəsizlik təchizatçıları ilə koordinasiyanı təmin etmək,1 Administration – FMCG (Functional),"1.9 Security, Access & Safety Coordination",1.9.2 Coordinate guards and security vendors
717,ADM,43,1.9.3,1 Administrasiya – FMCG (Funksional),"1.9 Təhlükəsizlik, Giriş və Əməyin Təhlükəsizliyi üzrə Koordinasiya","1.9.3 Oğurluq, zədələnmə və icazəsiz girişin qarşısını almaq",1 Administration – FMCG (Functional),"1.9 Security, Access & Safety Coordination","1.9.3 Prevent theft, damage, and unauthorized access"
718,ADM,44,1.9.4,1 Administrasiya – FMCG (Funksional),"1.9 Təhlükəsizlik, Giriş və Əməyin Təhlükəsizliyi üzrə Koordinasiya",1.9.4 İnsidentlərə və fövqəladə hallara reaksiya vermək,1 Administration – FMCG (Functional),"1.9 Security, Access & Safety Coordination",1.9.4 Respond to incidents and emergencies
719,ADM,45,1.9.5,1 Administrasiya – FMCG (Funksional),"1.9 Təhlükəsizlik, Giriş və Əməyin Təhlükəsizliyi üzrə Koordinasiya",1.9.5 HSE və risklərin idarə edilməsi ilə uyğunluğu təmin etmək,1 Administration – FMCG (Functional),"1.9 Security, Access & Safety Coordination",1.9.5 Align with HSE and risk management
720,ADM,46,1.10.1,1 Administrasiya – FMCG (Funksional),1.10 İnzibati Büdcələmə və Xərclərə Nəzarət,1.10.1 İnzibati büdcələri hazırlamaq və idarə etmək,1 Administration – FMCG (Functional),1.10 Administrative Budgeting & Cost Control,1.10.1 Prepare and manage admin budgets
721,ADM,47,1.10.2,1 Administrasiya – FMCG (Funksional),1.10 İnzibati Büdcələmə və Xərclərə Nəzarət,1.10.2 Xərcləri və kənarlaşmaları izləmək,1 Administration – FMCG (Functional),1.10 Administrative Budgeting & Cost Control,1.10.2 Track costs and variances
722,ADM,48,1.10.3,1 Administrasiya – FMCG (Funksional),1.10 İnzibati Büdcələmə və Xərclərə Nəzarət,1.10.3 Qənaət və səmərəlilik imkanlarını müəyyən etmək,1 Administration – FMCG (Functional),1.10 Administrative Budgeting & Cost Control,1.10.3 Identify savings and efficiency opportunities
723,ADM,49,1.10.4,1 Administrasiya – FMCG (Funksional),1.10 İnzibati Büdcələmə və Xərclərə Nəzarət,1.10.4 Təsdiqlərə və xərcləmələrə nəzarət etmək,1 Administration – FMCG (Functional),1.10 Administrative Budgeting & Cost Control,1.10.4 Control approvals and expenditures
724,ADM,50,1.10.5,1 Administrasiya – FMCG (Funksional),1.10 İnzibati Büdcələmə və Xərclərə Nəzarət,1.10.5 Nəticələr barədə rəhbərliyə hesabat vermək,1 Administration – FMCG (Functional),1.10 Administrative Budgeting & Cost Control,1.10.5 Report performance to management
725,ADM,51,2.1.1,2 Administrativ Liderlik və Peşəkar Effektivlik (Davranış),2.1 Xidmət Mükəmməlliyi və Maraqlı Tərəflərin İdarə Edilməsi,2.1.1 Sabit və yüksək keyfiyyətli inzibati xidmətlər təqdim etmək,2 Administrative Leadership & Professional Effectiveness (Behavioral),2.1 Service Excellence & Stakeholder Management,"2.1.1 Deliver consistent, high-quality admin services"
726,ADM,52,2.1.2,2 Administrativ Liderlik və Peşəkar Effektivlik (Davranış),2.1 Xidmət Mükəmməlliyi və Maraqlı Tərəflərin İdarə Edilməsi,2.1.2 Əməkdaşların və rəhbərlərin gözləntilərini idarə etmək,2 Administrative Leadership & Professional Effectiveness (Behavioral),2.1 Service Excellence & Stakeholder Management,2.1.2 Manage expectations of employees and leaders
727,ADM,53,2.1.3,2 Administrativ Liderlik və Peşəkar Effektivlik (Davranış),2.1 Xidmət Mükəmməlliyi və Maraqlı Tərəflərin İdarə Edilməsi,2.1.3 Məsələləri praqmatik və operativ şəkildə həll etmək,2 Administrative Leadership & Professional Effectiveness (Behavioral),2.1 Service Excellence & Stakeholder Management,2.1.3 Resolve issues pragmatically and promptly
728,ADM,54,2.1.4,2 Administrativ Liderlik və Peşəkar Effektivlik (Davranış),2.1 Xidmət Mükəmməlliyi və Maraqlı Tərəflərin İdarə Edilməsi,2.1.4 Etibarlılıq vasitəsilə etimad formalaşdırmaq,2 Administrative Leadership & Professional Effectiveness (Behavioral),2.1 Service Excellence & Stakeholder Management,2.1.4 Build trust through reliability
729,ADM,55,2.1.5,2 Administrativ Liderlik və Peşəkar Effektivlik (Davranış),2.1 Xidmət Mükəmməlliyi və Maraqlı Tərəflərin İdarə Edilməsi,2.1.5 Xidmət keyfiyyətini davamlı şəkildə yaxşılaşdırmaq,2 Administrative Leadership & Professional Effectiveness (Behavioral),2.1 Service Excellence & Stakeholder Management,2.1.5 Continuously improve service quality
730,ADM,56,2.2.1,2 Administrativ Liderlik və Peşəkar Effektivlik (Davranış),"2.2 İntizam, Hesabatlılıq və İcra",2.2.1 İnzibati əməliyyatları planlamaq və təşkil etmək,2 Administrative Leadership & Professional Effectiveness (Behavioral),"2.2 Discipline, Accountability & Execution",2.2.1 Plan and organize administrative operations
731,ADM,57,2.2.2,2 Administrativ Liderlik və Peşəkar Effektivlik (Davranış),"2.2 İntizam, Hesabatlılıq və İcra",2.2.2 Vaxtında və dəqiq icranı təmin etmək,2 Administrative Leadership & Professional Effectiveness (Behavioral),"2.2 Discipline, Accountability & Execution",2.2.2 Ensure timely and accurate execution
732,ADM,58,2.2.3,2 Administrativ Liderlik və Peşəkar Effektivlik (Davranış),"2.2 İntizam, Hesabatlılıq və İcra",2.2.3 Nəticələrə sahiblik göstərmək,2 Administrative Leadership & Professional Effectiveness (Behavioral),"2.2 Discipline, Accountability & Execution",2.2.3 Take ownership of outcomes
733,ADM,59,2.2.4,2 Administrativ Liderlik və Peşəkar Effektivlik (Davranış),"2.2 İntizam, Hesabatlılıq və İcra",2.2.4 Əməliyyat təzyiqi altında nəzarəti qoruyub saxlamaq,2 Administrative Leadership & Professional Effectiveness (Behavioral),"2.2 Discipline, Accountability & Execution",2.2.4 Maintain control under operational pressure
734,ADM,60,2.2.5,2 Administrativ Liderlik və Peşəkar Effektivlik (Davranış),"2.2 İntizam, Hesabatlılıq və İcra",2.2.5 Tapşırıqları tamamlamaq və sonadək izləmək,2 Administrative Leadership & Professional Effectiveness (Behavioral),"2.2 Discipline, Accountability & Execution",2.2.5 Close actions and follow through
735,ADM,61,2.3.1,2 Administrativ Liderlik və Peşəkar Effektivlik (Davranış),"2.3 Etika, Uyğunluq və Peşəkar Davranış",2.3.1 Şirkət resurslarından məsuliyyətli şəkildə istifadə etmək,2 Administrative Leadership & Professional Effectiveness (Behavioral),"2.3 Ethics, Compliance & Professional Conduct",2.3.1 Use company resources responsibly
736,ADM,62,2.3.2,2 Administrativ Liderlik və Peşəkar Effektivlik (Davranış),"2.3 Etika, Uyğunluq və Peşəkar Davranış",2.3.2 Məxfiliyi və peşəkar ehtiyatlılığı qorumaq,2 Administrative Leadership & Professional Effectiveness (Behavioral),"2.3 Ethics, Compliance & Professional Conduct",2.3.2 Maintain confidentiality and discretion
737,ADM,63,2.3.3,2 Administrativ Liderlik və Peşəkar Effektivlik (Davranış),"2.3 Etika, Uyğunluq və Peşəkar Davranış","2.3.3 Qaydalara, siyasətlərə və prosedurlara riayət etmək",2 Administrative Leadership & Professional Effectiveness (Behavioral),"2.3 Ethics, Compliance & Professional Conduct","2.3.3 Follow rules, policies, and procedures"
738,ADM,64,2.3.4,2 Administrativ Liderlik və Peşəkar Effektivlik (Davranış),"2.3 Etika, Uyğunluq və Peşəkar Davranış",2.3.4 Riskləri və uyğunsuzluqları eskalasiya etmək,2 Administrative Leadership & Professional Effectiveness (Behavioral),"2.3 Ethics, Compliance & Professional Conduct",2.3.4 Escalate risks and non-compliance
739,ADM,65,2.3.5,2 Administrativ Liderlik və Peşəkar Effektivlik (Davranış),"2.3 Etika, Uyğunluq və Peşəkar Davranış",2.3.5 Peşəkarlıq və etibarlılıq nümunəsi olmaq,2 Administrative Leadership & Professional Effectiveness (Behavioral),"2.3 Ethics, Compliance & Professional Conduct",2.3.5 Model professionalism and reliability
740,HSE,1,1.1.1,"1 Sağlamlıq, Təhlükəsizlik və Ətraf Mühit – HSE (Funksional)",1.1 HSE Strategiyası və İdarəetmə,1.1.1 Korporativ və tənzimləyici tələblərə uyğun HSE strategiyasını müəyyən etmək,"1 Health, Safety & Environment – HSE (Functional)",1.1 HSE Strategy & Governance,1.1.1 Define HSE strategy aligned with corporate and regulatory requirements
741,HSE,2,1.1.2,"1 Sağlamlıq, Təhlükəsizlik və Ətraf Mühit – HSE (Funksional)",1.1 HSE Strategiyası və İdarəetmə,"1.1.2 HSE idarəetmə çərçivəsini, rolları və hesabatlılıq strukturunu formalaşdırmaq","1 Health, Safety & Environment – HSE (Functional)",1.1 HSE Strategy & Governance,"1.1.2 Establish HSE governance, roles, and accountability structures"
742,HSE,3,1.1.3,"1 Sağlamlıq, Təhlükəsizlik və Ətraf Mühit – HSE (Funksional)",1.1 HSE Strategiyası və İdarəetmə,"1.1.3 HSE siyasətlərini, standartlarını və prosedurlarını hazırlamaq","1 Health, Safety & Environment – HSE (Functional)",1.1 HSE Strategy & Governance,"1.1.3 Develop HSE policies, standards, and procedures"
743,HSE,4,1.1.4,"1 Sağlamlıq, Təhlükəsizlik və Ətraf Mühit – HSE (Funksional)",1.1 HSE Strategiyası və İdarəetmə,1.1.4 HSE performansını izləmək və rəhbərliyə hesabat vermək,"1 Health, Safety & Environment – HSE (Functional)",1.1 HSE Strategy & Governance,1.1.4 Monitor HSE performance and report to leadership
744,HSE,5,1.2.1,"1 Sağlamlıq, Təhlükəsizlik və Ətraf Mühit – HSE (Funksional)",1.2 Peşə Sağlamlığının İdarə Edilməsi,1.2.1 İş yerində sağlamlıq təhlükələrini və məruz qalma risklərini müəyyən etmək,"1 Health, Safety & Environment – HSE (Functional)",1.2 Occupational Health Management,1.2.1 Identify workplace health hazards and exposure risks
745,HSE,6,1.2.2,"1 Sağlamlıq, Təhlükəsizlik və Ətraf Mühit – HSE (Funksional)",1.2 Peşə Sağlamlığının İdarə Edilməsi,1.2.2 Peşə sağlamlığı üzrə monitorinq proqramlarını tətbiq etmək,"1 Health, Safety & Environment – HSE (Functional)",1.2 Occupational Health Management,1.2.2 Implement occupational health surveillance programs
746,HSE,7,1.2.3,"1 Sağlamlıq, Təhlükəsizlik və Ətraf Mühit – HSE (Funksional)",1.2 Peşə Sağlamlığının İdarə Edilməsi,1.2.3 İş yerində erqonomika və rifah təşəbbüslərini idarə etmək,"1 Health, Safety & Environment – HSE (Functional)",1.2 Occupational Health Management,1.2.3 Manage workplace ergonomics and well-being initiatives
747,HSE,8,1.2.4,"1 Sağlamlıq, Təhlükəsizlik və Ətraf Mühit – HSE (Funksional)",1.2 Peşə Sağlamlığının İdarə Edilməsi,1.2.4 Tibbi müayinələri və işə yararlılıq qiymətləndirmələrini koordinasiya etmək,"1 Health, Safety & Environment – HSE (Functional)",1.2 Occupational Health Management,1.2.4 Coordinate medical checks and fitness-for-work assessments
748,HSE,9,1.3.1,"1 Sağlamlıq, Təhlükəsizlik və Ətraf Mühit – HSE (Funksional)",1.3 Təhlükəsizlik Risklərinin Qiymətləndirilməsi və Nəzarəti,1.3.1 Risk qiymətləndirmələri və iş təhlükəsizliyi təhlili vasitəsilə təhlükələri müəyyən etmək,"1 Health, Safety & Environment – HSE (Functional)",1.3 Safety Risk Assessment & Control,1.3.1 Identify hazards through risk assessments and job safety analysis
749,HSE,10,1.3.2,"1 Sağlamlıq, Təhlükəsizlik və Ətraf Mühit – HSE (Funksional)",1.3 Təhlükəsizlik Risklərinin Qiymətləndirilməsi və Nəzarəti,1.3.2 Riskin şiddətini və başvermə ehtimalını qiymətləndirmək,"1 Health, Safety & Environment – HSE (Functional)",1.3 Safety Risk Assessment & Control,1.3.2 Evaluate risk severity and likelihood
750,HSE,11,1.3.3,"1 Sağlamlıq, Təhlükəsizlik və Ətraf Mühit – HSE (Funksional)",1.3 Təhlükəsizlik Risklərinin Qiymətləndirilməsi və Nəzarəti,1.3.3 Risk nəzarət tədbirlərini müəyyən etmək və tətbiq etmək,"1 Health, Safety & Environment – HSE (Functional)",1.3 Safety Risk Assessment & Control,1.3.3 Define and implement risk control measures
751,HSE,12,1.3.4,"1 Sağlamlıq, Təhlükəsizlik və Ətraf Mühit – HSE (Funksional)",1.3 Təhlükəsizlik Risklərinin Qiymətləndirilməsi və Nəzarəti,1.3.4 Risk nəzarət tədbirlərini mütəmadi olaraq nəzərdən keçirmək və yeniləmək,"1 Health, Safety & Environment – HSE (Functional)",1.3 Safety Risk Assessment & Control,1.3.4 Review and update risk controls regularly
752,HSE,13,1.4.1,"1 Sağlamlıq, Təhlükəsizlik və Ətraf Mühit – HSE (Funksional)",1.4 İnsident və Qəza İdarəetməsi,"1.4.1 İnsidentləri, qəzaları və near miss halları qeydə almaq və hesabatlandırmaq","1 Health, Safety & Environment – HSE (Functional)",1.4 Incident & Accident Management,"1.4.1 Report and record incidents, accidents, and near misses"
753,HSE,14,1.4.2,"1 Sağlamlıq, Təhlükəsizlik və Ətraf Mühit – HSE (Funksional)",1.4 İnsident və Qəza İdarəetməsi,1.4.2 Araşdırmalar aparmaq və kök səbəb təhlili icra etmək,"1 Health, Safety & Environment – HSE (Functional)",1.4 Incident & Accident Management,1.4.2 Conduct investigations and root cause analysis
754,HSE,15,1.4.3,"1 Sağlamlıq, Təhlükəsizlik və Ətraf Mühit – HSE (Funksional)",1.4 İnsident və Qəza İdarəetməsi,1.4.3 Düzəldici və qabaqlayıcı tədbirləri müəyyən etmək,"1 Health, Safety & Environment – HSE (Functional)",1.4 Incident & Accident Management,1.4.3 Define corrective and preventive actions
755,HSE,16,1.4.4,"1 Sağlamlıq, Təhlükəsizlik və Ətraf Mühit – HSE (Funksional)",1.4 İnsident və Qəza İdarəetməsi,1.4.4 Tədbirlərin bağlanmasını və effektivliyini izləmək,"1 Health, Safety & Environment – HSE (Functional)",1.4 Incident & Accident Management,1.4.4 Monitor closure and effectiveness of actions
756,HSE,17,1.5.1,"1 Sağlamlıq, Təhlükəsizlik və Ətraf Mühit – HSE (Funksional)",1.5 Fövqəladə Hallara Hazırlıq və Cavab,1.5.1 Fövqəladə hallara cavab və evakuasiya planlarını hazırlamaq,"1 Health, Safety & Environment – HSE (Functional)",1.5 Emergency Preparedness & Response,1.5.1 Develop emergency response and evacuation plans
757,HSE,18,1.5.2,"1 Sağlamlıq, Təhlükəsizlik və Ətraf Mühit – HSE (Funksional)",1.5 Fövqəladə Hallara Hazırlıq və Cavab,1.5.2 Təlim məşqləri və fövqəladə hal simulyasiyaları keçirmək,"1 Health, Safety & Environment – HSE (Functional)",1.5 Emergency Preparedness & Response,1.5.2 Conduct drills and emergency simulations
758,HSE,19,1.5.3,"1 Sağlamlıq, Təhlükəsizlik və Ətraf Mühit – HSE (Funksional)",1.5 Fövqəladə Hallara Hazırlıq və Cavab,1.5.3 Daxili komandalar və xarici cavab qrupları ilə koordinasiya etmək,"1 Health, Safety & Environment – HSE (Functional)",1.5 Emergency Preparedness & Response,1.5.3 Coordinate with internal teams and external responders
759,HSE,20,1.5.4,"1 Sağlamlıq, Təhlükəsizlik və Ətraf Mühit – HSE (Funksional)",1.5 Fövqəladə Hallara Hazırlıq və Cavab,1.5.4 Fövqəladə hallara hazırlıq səviyyəsini nəzərdən keçirmək və təkmilləşdirmək,"1 Health, Safety & Environment – HSE (Functional)",1.5 Emergency Preparedness & Response,1.5.4 Review and improve emergency readiness
760,HSE,21,1.6.1,"1 Sağlamlıq, Təhlükəsizlik və Ətraf Mühit – HSE (Funksional)",1.6 Ətraf Mühitin İdarə Edilməsi,1.6.1 Ətraf mühit aspektlərini və təsirlərini müəyyən etmək,"1 Health, Safety & Environment – HSE (Functional)",1.6 Environmental Management,1.6.1 Identify environmental aspects and impacts
761,HSE,22,1.6.2,"1 Sağlamlıq, Təhlükəsizlik və Ətraf Mühit – HSE (Funksional)",1.6 Ətraf Mühitin İdarə Edilməsi,"1.6.2 Tullantıları, emissiyaları və resurs istifadəsini idarə etmək","1 Health, Safety & Environment – HSE (Functional)",1.6 Environmental Management,"1.6.2 Manage waste, emissions, and resource usage"
762,HSE,23,1.6.3,"1 Sağlamlıq, Təhlükəsizlik və Ətraf Mühit – HSE (Funksional)",1.6 Ətraf Mühitin İdarə Edilməsi,1.6.3 Ətraf mühit üzrə normativ tələblərə uyğunluğu təmin etmək,"1 Health, Safety & Environment – HSE (Functional)",1.6 Environmental Management,1.6.3 Ensure compliance with environmental regulations
763,HSE,24,1.6.4,"1 Sağlamlıq, Təhlükəsizlik və Ətraf Mühit – HSE (Funksional)",1.6 Ətraf Mühitin İdarə Edilməsi,1.6.4 Dayanıqlılıq və ətraf mühitin yaxşılaşdırılması təşəbbüslərini dəstəkləmək,"1 Health, Safety & Environment – HSE (Functional)",1.6 Environmental Management,1.6.4 Support sustainability and environmental improvement initiatives
764,HSE,25,1.7.1,"1 Sağlamlıq, Təhlükəsizlik və Ətraf Mühit – HSE (Funksional)",1.7 HSE Uyğunluğu və Auditlər,1.7.1 HSE qanunvericiliyinə və standartlarına uyğunluğu izləmək,"1 Health, Safety & Environment – HSE (Functional)",1.7 HSE Compliance & Audits,1.7.1 Monitor compliance with HSE laws and standards
765,HSE,26,1.7.2,"1 Sağlamlıq, Təhlükəsizlik və Ətraf Mühit – HSE (Funksional)",1.7 HSE Uyğunluğu və Auditlər,1.7.2 Daxili HSE auditləri və yoxlamaları aparmaq,"1 Health, Safety & Environment – HSE (Functional)",1.7 HSE Compliance & Audits,1.7.2 Conduct internal HSE audits and inspections
766,HSE,27,1.7.3,"1 Sağlamlıq, Təhlükəsizlik və Ətraf Mühit – HSE (Funksional)",1.7 HSE Uyğunluğu və Auditlər,1.7.3 Xarici auditlərə və tənzimləyici yoxlamalara dəstək vermək,"1 Health, Safety & Environment – HSE (Functional)",1.7 HSE Compliance & Audits,1.7.3 Support external audits and regulatory inspections
767,HSE,28,1.7.4,"1 Sağlamlıq, Təhlükəsizlik və Ətraf Mühit – HSE (Funksional)",1.7 HSE Uyğunluğu və Auditlər,1.7.4 Aşkarlanmış uyğunsuzluqları və düzəldici fəaliyyət planlarını izləmək,"1 Health, Safety & Environment – HSE (Functional)",1.7 HSE Compliance & Audits,1.7.4 Track findings and corrective action plans
768,HSE,29,1.8.1,"1 Sağlamlıq, Təhlükəsizlik və Ətraf Mühit – HSE (Funksional)",1.8 Podratçı və Sahə Təhlükəsizliyinin İdarə Edilməsi,1.8.1 Podratçılar və təchizatçılar üçün HSE tələblərini müəyyən etmək,"1 Health, Safety & Environment – HSE (Functional)",1.8 Contractor & Site Safety Management,1.8.1 Define HSE requirements for contractors and suppliers
769,HSE,30,1.8.2,"1 Sağlamlıq, Təhlükəsizlik və Ətraf Mühit – HSE (Funksional)",1.8 Podratçı və Sahə Təhlükəsizliyinin İdarə Edilməsi,1.8.2 Podratçılar üçün giriş brifinqi və təhlükəsizlik təlimləri keçirmək,"1 Health, Safety & Environment – HSE (Functional)",1.8 Contractor & Site Safety Management,1.8.2 Conduct contractor induction and safety training
770,HSE,31,1.8.3,"1 Sağlamlıq, Təhlükəsizlik və Ətraf Mühit – HSE (Funksional)",1.8 Podratçı və Sahə Təhlükəsizliyinin İdarə Edilməsi,1.8.3 Sahədə podratçıların HSE performansını izləmək,"1 Health, Safety & Environment – HSE (Functional)",1.8 Contractor & Site Safety Management,1.8.3 Monitor contractor HSE performance on site
771,HSE,32,1.8.4,"1 Sağlamlıq, Təhlükəsizlik və Ətraf Mühit – HSE (Funksional)",1.8 Podratçı və Sahə Təhlükəsizliyinin İdarə Edilməsi,1.8.4 Uyğunluğu və düzəldici tədbirlərin icrasını təmin etmək,"1 Health, Safety & Environment – HSE (Functional)",1.8 Contractor & Site Safety Management,1.8.4 Enforce compliance and corrective actions
772,HSE,33,1.9.1,"1 Sağlamlıq, Təhlükəsizlik və Ətraf Mühit – HSE (Funksional)",1.9 HSE Təlimi və Maarifləndirmə,1.9.1 HSE təlim proqramlarını və materiallarını hazırlamaq,"1 Health, Safety & Environment – HSE (Functional)",1.9 HSE Training & Awareness,1.9.1 Develop HSE training programs and materials
773,HSE,34,1.9.2,"1 Sağlamlıq, Təhlükəsizlik və Ətraf Mühit – HSE (Funksional)",1.9 HSE Təlimi və Maarifləndirmə,"1.9.2 Giriş təlimləri, toolbox talk-lar və təkrar təlimlər keçirmək","1 Health, Safety & Environment – HSE (Functional)",1.9 HSE Training & Awareness,"1.9.2 Deliver inductions, toolbox talks, and refresher training"
774,HSE,35,1.9.3,"1 Sağlamlıq, Təhlükəsizlik və Ətraf Mühit – HSE (Funksional)",1.9 HSE Təlimi və Maarifləndirmə,1.9.3 Təlimlərin effektivliyini və səriştəni qiymətləndirmək,"1 Health, Safety & Environment – HSE (Functional)",1.9 HSE Training & Awareness,1.9.3 Assess training effectiveness and competence
775,HSE,36,1.9.4,"1 Sağlamlıq, Təhlükəsizlik və Ətraf Mühit – HSE (Funksional)",1.9 HSE Təlimi və Maarifləndirmə,1.9.4 HSE maarifləndirilməsini və təhlükəsiz davranışları təşviq etmək,"1 Health, Safety & Environment – HSE (Functional)",1.9 HSE Training & Awareness,1.9.4 Promote HSE awareness and safe behaviors
776,HSE,37,1.10.1,"1 Sağlamlıq, Təhlükəsizlik və Ətraf Mühit – HSE (Funksional)","1.10 HSE Məlumatları, Hesabatlılıq və KPI-lar",1.10.1 HSE metriklərini və performans göstəricilərini müəyyən etmək,"1 Health, Safety & Environment – HSE (Functional)","1.10 HSE Data, Reporting & KPIs",1.10.1 Define HSE metrics and performance indicators
777,HSE,38,1.10.2,"1 Sağlamlıq, Təhlükəsizlik və Ətraf Mühit – HSE (Funksional)","1.10 HSE Məlumatları, Hesabatlılıq və KPI-lar",1.10.2 Dəqiq HSE qeydlərini və sənədləşməni təmin etmək,"1 Health, Safety & Environment – HSE (Functional)","1.10 HSE Data, Reporting & KPIs",1.10.2 Maintain accurate HSE records and documentation
778,HSE,39,1.10.3,"1 Sağlamlıq, Təhlükəsizlik və Ətraf Mühit – HSE (Funksional)","1.10 HSE Məlumatları, Hesabatlılıq və KPI-lar",1.10.3 Trendləri və qabaqcıl/geridə qalan göstəriciləri təhlil etmək,"1 Health, Safety & Environment – HSE (Functional)","1.10 HSE Data, Reporting & KPIs",1.10.3 Analyze trends and leading/lagging indicators
779,HSE,40,1.10.4,"1 Sağlamlıq, Təhlükəsizlik və Ətraf Mühit – HSE (Funksional)","1.10 HSE Məlumatları, Hesabatlılıq və KPI-lar",1.10.4 HSE performansı barədə rəhbərliyə və səlahiyyətli qurumlara hesabat vermək,"1 Health, Safety & Environment – HSE (Functional)","1.10 HSE Data, Reporting & KPIs",1.10.4 Report HSE performance to management and authorities
780,HSE,41,2.1.1,2 Təhlükəsizlik Liderliyi və Peşəkar Effektivlik (Davranış),2.1 Təhlükəsizlik Liderliyi və Nümunəvi Davranış,2.1.1 HSE standartlarına açıq və görünən sadiqlik nümayiş etdirmək,2 Safety Leadership & Professional Effectiveness (Behavioral),2.1 Safety Leadership & Role Modeling,2.1.1 Demonstrate visible commitment to HSE standards
781,HSE,42,2.1.2,2 Təhlükəsizlik Liderliyi və Peşəkar Effektivlik (Davranış),2.1 Təhlükəsizlik Liderliyi və Nümunəvi Davranış,2.1.2 Təhlükəli iş təcrübələrinə müdaxilə etmək və onları dayandırmaq,2 Safety Leadership & Professional Effectiveness (Behavioral),2.1 Safety Leadership & Role Modeling,2.1.2 Intervene and stop unsafe work practices
782,HSE,43,2.1.3,2 Təhlükəsizlik Liderliyi və Peşəkar Effektivlik (Davranış),2.1 Təhlükəsizlik Liderliyi və Nümunəvi Davranış,2.1.3 İnsidentlərin bildirilməsini və onlardan öyrənilməsini təşviq etmək,2 Safety Leadership & Professional Effectiveness (Behavioral),2.1 Safety Leadership & Role Modeling,2.1.3 Encourage reporting and learning from incidents
783,HSE,44,2.1.4,2 Təhlükəsizlik Liderliyi və Peşəkar Effektivlik (Davranış),2.1 Təhlükəsizlik Liderliyi və Nümunəvi Davranış,2.1.4 Müsbət təhlükəsizlik davranışlarını möhkəmləndirmək,2 Safety Leadership & Professional Effectiveness (Behavioral),2.1 Safety Leadership & Role Modeling,2.1.4 Reinforce positive safety behaviors
784,HSE,45,2.2.1,2 Təhlükəsizlik Liderliyi və Peşəkar Effektivlik (Davranış),2.2 Risk Şüuru və Mühakimə,2.2.1 Təhlükələri və qeyri-təhlükəsiz şəraiti qabaqcadan görmək,2 Safety Leadership & Professional Effectiveness (Behavioral),2.2 Risk Awareness & Judgment,2.2.1 Anticipate hazards and unsafe conditions
785,HSE,46,2.2.2,2 Təhlükəsizlik Liderliyi və Peşəkar Effektivlik (Davranış),2.2 Risk Şüuru və Mühakimə,2.2.2 Risk əsaslı qərarverməni tətbiq etmək,2 Safety Leadership & Professional Effectiveness (Behavioral),2.2 Risk Awareness & Judgment,2.2.2 Apply risk-based decision making
786,HSE,47,2.2.3,2 Təhlükəsizlik Liderliyi və Peşəkar Effektivlik (Davranış),2.2 Risk Şüuru və Mühakimə,2.2.3 Təhlükəli qərarları və qısa yolları sorğulamaq,2 Safety Leadership & Professional Effectiveness (Behavioral),2.2 Risk Awareness & Judgment,2.2.3 Challenge unsafe decisions and shortcuts
787,HSE,48,2.2.4,2 Təhlükəsizlik Liderliyi və Peşəkar Effektivlik (Davranış),2.2 Risk Şüuru və Mühakimə,2.2.4 Zərərin qarşısını almaq üçün qətiyyətlə hərəkət etmək,2 Safety Leadership & Professional Effectiveness (Behavioral),2.2 Risk Awareness & Judgment,2.2.4 Act decisively to prevent harm
788,HSE,49,2.3.1,2 Təhlükəsizlik Liderliyi və Peşəkar Effektivlik (Davranış),2.3 Kommunikasiya və Təsir,2.3.1 HSE gözləntilərini aydın şəkildə çatdırmaq,2 Safety Leadership & Professional Effectiveness (Behavioral),2.3 Communication & Influence,2.3.1 Communicate HSE expectations clearly
789,HSE,50,2.3.2,2 Təhlükəsizlik Liderliyi və Peşəkar Effektivlik (Davranış),2.3 Kommunikasiya və Təsir,2.3.2 Bütün səviyyələrdə təhlükəsiz davranışa təsir göstərmək,2 Safety Leadership & Professional Effectiveness (Behavioral),2.3 Communication & Influence,2.3.2 Influence safe behavior across all levels
790,HSE,51,2.3.3,2 Təhlükəsizlik Liderliyi və Peşəkar Effektivlik (Davranış),2.3 Kommunikasiya və Təsir,2.3.3 İnsidentlər zamanı aydın təlimatlar vermək,2 Safety Leadership & Professional Effectiveness (Behavioral),2.3 Communication & Influence,2.3.3 Deliver clear instructions during incidents
791,HSE,52,2.3.4,2 Təhlükəsizlik Liderliyi və Peşəkar Effektivlik (Davranış),2.3 Kommunikasiya və Təsir,2.3.4 Şəffaflıq vasitəsilə etimad qurmaq,2 Safety Leadership & Professional Effectiveness (Behavioral),2.3 Communication & Influence,2.3.4 Build trust through transparency
792,HSE,53,2.4.1,2 Təhlükəsizlik Liderliyi və Peşəkar Effektivlik (Davranış),2.4 Hesabatlılıq və İntizam,2.4.1 HSE nəticələrinə sahiblik göstərmək,2 Safety Leadership & Professional Effectiveness (Behavioral),2.4 Accountability & Discipline,2.4.1 Take ownership of HSE outcomes
793,HSE,54,2.4.2,2 Təhlükəsizlik Liderliyi və Peşəkar Effektivlik (Davranış),2.4 Hesabatlılıq və İntizam,2.4.2 HSE qaydalarını ardıcıl şəkildə tətbiq etmək,2 Safety Leadership & Professional Effectiveness (Behavioral),2.4 Accountability & Discipline,2.4.2 Enforce HSE rules consistently
794,HSE,55,2.4.3,2 Təhlükəsizlik Liderliyi və Peşəkar Effektivlik (Davranış),2.4 Hesabatlılıq və İntizam,2.4.3 Düzəldici tədbirlərin sonadək icrasını təmin etmək,2 Safety Leadership & Professional Effectiveness (Behavioral),2.4 Accountability & Discipline,2.4.3 Follow through on corrective actions
795,HSE,56,2.4.4,2 Təhlükəsizlik Liderliyi və Peşəkar Effektivlik (Davranış),2.4 Hesabatlılıq və İntizam,2.4.4 Təzyiq altında peşəkarlığı qorumaq,2 Safety Leadership & Professional Effectiveness (Behavioral),2.4 Accountability & Discipline,2.4.4 Maintain professionalism under pressure
796,SEC,1,1.1.1,1 Daxili Təhlükəsizlik Nəzarəti və Korporativ Təhlükəsizlik (Funksional),1.1 Təhlükəsizlik Strategiyası və Siyasətləri,1.1.1 Müəssisənin risk profilinə uyğun korporativ təhlükəsizlik strategiyasını hazırlamaq,1 Internal Security Control & Corporate Security (Functional),1.1 Security Strategy & Policies,1.1.1 Develop corporate security strategy aligned with enterprise risk profile
797,SEC,2,1.1.2,1 Daxili Təhlükəsizlik Nəzarəti və Korporativ Təhlükəsizlik (Funksional),1.1 Təhlükəsizlik Strategiyası və Siyasətləri,"1.1.2 Təhlükəsizlik siyasətlərini, prosedurlarını və standartlarını hazırlamaq və aktual saxlamaq",1 Internal Security Control & Corporate Security (Functional),1.1 Security Strategy & Policies,"1.1.2 Design and maintain security policies, procedures, and standards"
798,SEC,3,1.1.3,1 Daxili Təhlükəsizlik Nəzarəti və Korporativ Təhlükəsizlik (Funksional),1.1 Təhlükəsizlik Strategiyası və Siyasətləri,1.1.3 Qrup və törəmə şirkətlər üzrə vahid və ardıcıl tətbiqi təmin etmək,1 Internal Security Control & Corporate Security (Functional),1.1 Security Strategy & Policies,1.1.3 Ensure consistent implementation across group and subsidiaries
799,SEC,4,1.1.4,1 Daxili Təhlükəsizlik Nəzarəti və Korporativ Təhlükəsizlik (Funksional),1.1 Təhlükəsizlik Strategiyası və Siyasətləri,1.1.4 Təhlükəsizlik üzrə KPI-ları və idarəetmə nəzarət mexanizmlərini müəyyən etmək,1 Internal Security Control & Corporate Security (Functional),1.1 Security Strategy & Policies,1.1.4 Define security KPIs and governance controls
800,SEC,5,1.2.1,1 Daxili Təhlükəsizlik Nəzarəti və Korporativ Təhlükəsizlik (Funksional),1.2 Risklərin Qiymətləndirilməsi və Qarşısının Alınması,"1.2.1 Fiziki, əməliyyat və davranış risklərinin sistemli qiymətləndirilməsini aparmaq",1 Internal Security Control & Corporate Security (Functional),1.2 Risk Assessment & Prevention,"1.2.1 Conduct systematic physical, operational, and behavioral risk assessments"
801,SEC,6,1.2.2,1 Daxili Təhlükəsizlik Nəzarəti və Korporativ Təhlükəsizlik (Funksional),1.2 Risklərin Qiymətləndirilməsi və Qarşısının Alınması,"1.2.2 Dələduzluq, qeyri-etik davranış və daxili təhdid ssenarilərini müəyyənləşdirmək və modelləşdirmək",1 Internal Security Control & Corporate Security (Functional),1.2 Risk Assessment & Prevention,"1.2.2 Identify and model fraud, misconduct, and insider threat scenarios"
802,SEC,7,1.2.3,1 Daxili Təhlükəsizlik Nəzarəti və Korporativ Təhlükəsizlik (Funksional),1.2 Risklərin Qiymətləndirilməsi və Qarşısının Alınması,1.2.3 Preventiv və aşkar edici təhlükəsizlik nəzarət mexanizmlərini hazırlamaq,1 Internal Security Control & Corporate Security (Functional),1.2 Risk Assessment & Prevention,1.2.3 Design preventive and detective security controls
803,SEC,8,1.2.4,1 Daxili Təhlükəsizlik Nəzarəti və Korporativ Təhlükəsizlik (Funksional),1.2 Risklərin Qiymətləndirilməsi və Qarşısının Alınması,1.2.4 Yüksək riskli sahələr üzrə riskin azaldılması planlarını hazırlamaq,1 Internal Security Control & Corporate Security (Functional),1.2 Risk Assessment & Prevention,1.2.4 Develop mitigation plans for high-risk areas
804,SEC,9,1.3.1,1 Daxili Təhlükəsizlik Nəzarəti və Korporativ Təhlükəsizlik (Funksional),1.3 Daxili Araşdırmalar və İşlərin İdarə Edilməsi,"1.3.1 Dələduzluq, qeyri-etik davranış və siyasət pozuntuları üzrə araşdırmalar aparmaq",1 Internal Security Control & Corporate Security (Functional),1.3 Internal Investigations & Case Management,"1.3.1 Conduct investigations into fraud, misconduct, and policy breaches"
805,SEC,10,1.3.2,1 Daxili Təhlükəsizlik Nəzarəti və Korporativ Təhlükəsizlik (Funksional),1.3 Daxili Araşdırmalar və İşlərin İdarə Edilməsi,"1.3.2 Hüquqi tələblərə uyğun olaraq sübutları toplamaq, qorumaq və sənədləşdirmək",1 Internal Security Control & Corporate Security (Functional),1.3 Internal Investigations & Case Management,"1.3.2 Collect, preserve, and document evidence in line with legal standards"
806,SEC,11,1.3.3,1 Daxili Təhlükəsizlik Nəzarəti və Korporativ Təhlükəsizlik (Funksional),1.3 Daxili Araşdırmalar və İşlərin İdarə Edilməsi,1.3.3 Araşdırma prosesi boyunca məxfiliyi və obyektivliyi təmin etmək,1 Internal Security Control & Corporate Security (Functional),1.3 Internal Investigations & Case Management,1.3.3 Ensure confidentiality and objectivity throughout investigations
807,SEC,12,1.3.4,1 Daxili Təhlükəsizlik Nəzarəti və Korporativ Təhlükəsizlik (Funksional),1.3 Daxili Araşdırmalar və İşlərin İdarə Edilməsi,1.3.4 Araşdırma nəticələrini və tövsiyələri yuxarı rəhbərliyə təqdim etmək,1 Internal Security Control & Corporate Security (Functional),1.3 Internal Investigations & Case Management,1.3.4 Present investigation findings and recommendations to senior management
808,SEC,13,1.4.1,1 Daxili Təhlükəsizlik Nəzarəti və Korporativ Təhlükəsizlik (Funksional),1.4 Fiziki Təhlükəsizlik və Aktivlərin Qorunması,1.4.1 Obyektlər və məhdud girişli zonalar üzrə girişə nəzarət sistemlərini idarə etmək,1 Internal Security Control & Corporate Security (Functional),1.4 Physical Security & Asset Protection,1.4.1 Manage access control systems for facilities and restricted areas
809,SEC,14,1.4.2,1 Daxili Təhlükəsizlik Nəzarəti və Korporativ Təhlükəsizlik (Funksional),1.4 Fiziki Təhlükəsizlik və Aktivlərin Qorunması,1.4.2 Təhlükəsizlik xidməti təchizatçılarına və müqavilə şərtlərinə uyğunluğa nəzarət etmək,1 Internal Security Control & Corporate Security (Functional),1.4 Physical Security & Asset Protection,1.4.2 Oversee security service providers and contractual compliance
810,SEC,15,1.4.3,1 Daxili Təhlükəsizlik Nəzarəti və Korporativ Təhlükəsizlik (Funksional),1.4 Fiziki Təhlükəsizlik və Aktivlərin Qorunması,1.4.3 Təhlükəsizlik insidentlərinə operativ reaksiya vermək və eskalasiya protokollarını icra etmək,1 Internal Security Control & Corporate Security (Functional),1.4 Physical Security & Asset Protection,1.4.3 Respond to security incidents and execute escalation protocols
811,SEC,16,1.4.4,1 Daxili Təhlükəsizlik Nəzarəti və Korporativ Təhlükəsizlik (Funksional),1.4 Fiziki Təhlükəsizlik və Aktivlərin Qorunması,1.4.4 Təhlükəsizlik infrastrukturunun effektivliyini və etibarlılığını izləmək,1 Internal Security Control & Corporate Security (Functional),1.4 Physical Security & Asset Protection,1.4.4 Monitor effectiveness and reliability of security infrastructure
812,SEC,17,1.5.1,1 Daxili Təhlükəsizlik Nəzarəti və Korporativ Təhlükəsizlik (Funksional),"1.5 Uyğunluq, Maarifləndirmə və Hesabatlılıq","1.5.1 Qanunvericiliyə, normativ tələblərə və daxili təhlükəsizlik qaydalarına uyğunluğu təmin etmək",1 Internal Security Control & Corporate Security (Functional),"1.5 Compliance, Awareness & Reporting","1.5.1 Ensure compliance with laws, regulations, and internal security rules"
813,SEC,18,1.5.2,1 Daxili Təhlükəsizlik Nəzarəti və Korporativ Təhlükəsizlik (Funksional),"1.5 Uyğunluq, Maarifləndirmə və Hesabatlılıq",1.5.2 Əməkdaşlar üçün təhlükəsizlik üzrə maarifləndirmə və təlim proqramları keçirmək,1 Internal Security Control & Corporate Security (Functional),"1.5 Compliance, Awareness & Reporting",1.5.2 Deliver security awareness and training programs for employees
814,SEC,19,1.5.3,1 Daxili Təhlükəsizlik Nəzarəti və Korporativ Təhlükəsizlik (Funksional),"1.5 Uyğunluq, Maarifləndirmə və Hesabatlılıq",1.5.3 İnsidentlərin bildirilməsi və sənədləşdirilməsi mexanizmlərini qurmaq,1 Internal Security Control & Corporate Security (Functional),"1.5 Compliance, Awareness & Reporting",1.5.3 Establish incident reporting and documentation mechanisms
815,SEC,20,1.5.4,1 Daxili Təhlükəsizlik Nəzarəti və Korporativ Təhlükəsizlik (Funksional),"1.5 Uyğunluq, Maarifləndirmə və Hesabatlılıq",1.5.4 Davranış və dürüstlük riskləri üzrə erkən xəbərdarlıq mexanizmlərini tətbiq etmək,1 Internal Security Control & Corporate Security (Functional),"1.5 Compliance, Awareness & Reporting",1.5.4 Implement early warning mechanisms for behavioral and integrity risks
816,SEC,21,2.1.1,2 Strateji Düşüncə (Davranış),2.1 Risk-əsaslı Baxış,2.1.1 Uzunmüddətli təhlükəsizlik və dürüstlük risklərini qabaqcadan görmək,2 Strategic Thinking (Behavioral),2.1 Risk-Based Perspective,2.1.1 Anticipate long-term security and integrity risks
817,SEC,22,2.1.2,2 Strateji Düşüncə (Davranış),2.1 Risk-əsaslı Baxış,2.1.2 Təhlükəsizlik təşəbbüslərini biznes və əməliyyat prioritetləri ilə uyğunlaşdırmaq,2 Strategic Thinking (Behavioral),2.1 Risk-Based Perspective,2.1.2 Align security initiatives with business and operational priorities
818,SEC,23,2.1.3,2 Strateji Düşüncə (Davranış),2.1 Risk-əsaslı Baxış,2.1.3 Yaranan təhdidlər üçün alternativ cavab ssenariləri hazırlamaq,2 Strategic Thinking (Behavioral),2.1 Risk-Based Perspective,2.1.3 Develop alternative response scenarios for emerging threats
819,SEC,24,3.1.1,3 Qərarvermə və Məsuliyyətlilik (Davranış),3.1 Peşəkar Mühakimə,3.1.1 Qeyri-müəyyənlik və vaxt təzyiqi şəraitində düzgün qərarlar vermək,3 Decision Making & Accountability (Behavioral),3.1 Professional Judgment,3.1.1 Make sound decisions under uncertainty and time pressure
820,SEC,25,3.1.2,3 Qərarvermə və Məsuliyyətlilik (Davranış),3.1 Peşəkar Mühakimə,3.1.2 Təhlükəsizlik riskləri ilə bağlı qərarlara məsuliyyətlə sahib çıxmaq,3 Decision Making & Accountability (Behavioral),3.1 Professional Judgment,3.1.2 Take ownership of decisions related to security risks
821,SEC,26,3.1.3,3 Qərarvermə və Məsuliyyətlilik (Davranış),3.1 Peşəkar Mühakimə,3.1.3 Nəticələri izləmək və sübutlara əsasən qərarları tənzimləmək,3 Decision Making & Accountability (Behavioral),3.1 Professional Judgment,3.1.3 Monitor outcomes and adjust decisions based on evidence
822,SEC,27,4.1.1,4 Liderlik və İnsanların İdarə Edilməsi (Davranış),4.1 Nümunəvi Davranış,"4.1.1 Etik, qərəzsiz və intizamlı davranış nümayiş etdirmək",4 Leadership & People Management (Behavioral),4.1 Role Modeling,"4.1.1 Demonstrate ethical, impartial, and disciplined behavior"
823,SEC,28,4.1.2,4 Liderlik və İnsanların İdarə Edilməsi (Davranış),4.1 Nümunəvi Davranış,4.1.2 Komanda daxilində məxfilik və uyğunluq mədəniyyəti formalaşdırmaq,4 Leadership & People Management (Behavioral),4.1 Role Modeling,4.1.2 Build a culture of confidentiality and compliance within the team
824,SEC,29,4.1.3,4 Liderlik və İnsanların İdarə Edilməsi (Davranış),4.1 Nümunəvi Davranış,4.1.3 Böhran zamanı sakit və qətiyyətli liderlik nümayiş etdirmək,4 Leadership & People Management (Behavioral),4.1 Role Modeling,4.1.3 Provide calm and decisive leadership during crises
825,SEC,30,5.1.1,5 Kommunikasiya və Təsir Etmə (Davranış),5.1 Peşəkar Kommunikasiya,5.1.1 Həssas məlumatları aydın və uyğun şəkildə çatdırmaq,5 Communication & Influence (Behavioral),5.1 Professional Communication,5.1.1 Communicate sensitive information clearly and appropriately
826,SEC,31,5.1.2,5 Kommunikasiya və Təsir Etmə (Davranış),5.1 Peşəkar Kommunikasiya,5.1.2 Təhlükəsizlik məsələləri üzrə yuxarı rəhbərliyə və maraqlı tərəflərə təsir göstərmək,5 Communication & Influence (Behavioral),5.1 Professional Communication,5.1.2 Influence senior leaders and stakeholders on security matters
827,SEC,32,5.1.3,5 Kommunikasiya və Təsir Etmə (Davranış),5.1 Peşəkar Kommunikasiya,5.1.3 Çətin söhbətləri və münaqişələri konstruktiv şəkildə idarə etmək,5 Communication & Influence (Behavioral),5.1 Professional Communication,5.1.3 Manage difficult conversations and conflicts constructively
828,SEC,33,6.1.1,6 Etik Mühakimə və Dürüstlük (Davranış),6.1 Etik Standartlar,6.1.1 Etik prinsiplərə və korporativ dəyərlərə ardıcıl uyğun davranmaq,6 Ethical Judgment & Integrity (Behavioral),6.1 Ethical Standards,6.1.1 Act consistently in line with ethical principles and corporate values
829,SEC,34,6.1.2,6 Etik Mühakimə və Dürüstlük (Davranış),6.1 Etik Standartlar,6.1.2 Məxfiliyi qorumaq və həssas məlumatlardan sui-istifadənin qarşısını almaq,6 Ethical Judgment & Integrity (Behavioral),6.1 Ethical Standards,6.1.2 Protect confidentiality and prevent misuse of sensitive information
830,SEC,35,6.1.3,6 Etik Mühakimə və Dürüstlük (Davranış),6.1 Etik Standartlar,6.1.3 İyerarxiyadan asılı olmayaraq qeyri-etik davranışlara qarşı çıxmaq,6 Ethical Judgment & Integrity (Behavioral),6.1 Ethical Standards,6.1.3 Challenge unethical behavior regardless of hierarchy
